{"stats":{"minecraft:used":{"minecraft:cooked_mutton":1,"minecraft:cherry_sapling":2,"minecraft:stone_sword":17,"minecraft:stone_pickaxe":100,"minecraft:wooden_pickaxe":16,"minecraft:cherry_planks":3,"minecraft:iron_sword":11,"minecraft:blue_bed":1,"minecraft:torch":9,"minecraft:crafting_table":3,"minecraft:oak_log":1,"minecraft:blue_orchid":1,"minecraft:bread":3,"minecraft:iron_pickaxe":168,"minecraft:bamboo":1,"minecraft:stone_axe":60,"minecraft:pink_petals":2,"minecraft:furnace":2,"minecraft:cooked_beef":8,"minecraft:splash_potion":2},"minecraft:mined":{"minecraft:cherry_planks":3,"minecraft:cherry_log":22,"minecraft:crafting_table":2,"mysticaloaktree:wise_oak":1,"minecraft:dead_bush":1,"minecraft:tall_grass":19,"minecraft:blue_bed":1,"minecraft:wall_torch":1,"minecraft:pink_petals":2,"minecraft:large_fern":49,"minecraft:furnace":1,"minecraft:iron_ore":20,"minecraft:grass":69,"minecraft:oak_log":1,"minecraft:coal_ore":60,"minecraft:cobweb":1,"minecraft:pink_tulip":1,"minecraft:azalea_leaves":2,"minecraft:bamboo":1,"minecraft:blue_orchid":16,"minecraft:stone":60,"minecraft:fern":23},"minecraft:dropped":{"minecraft:wheat_seeds":15,"minecraft:stone_sword":1,"minecraft:rotten_flesh":1,"minecraft:black_bed":3,"patchouli:guide_book":1,"minecraft:spider_eye":3,"minecraft:blue_orchid":15,"minecraft:stone_pickaxe":1,"minecraft:wooden_pickaxe":1},"minecraft:killed":{"minecraft:witch":1,"minecraft:spider":1,"minecraft:sheep":1,"minecraft:zombie":1,"friendsandfoes:moobloom":4},"minecraft:crafted":{"minecraft:cooked_beef":9,"minecraft:cherry_planks":88,"minecraft:oak_planks":4,"minecraft:crafting_table":1,"minecraft:wooden_pickaxe":1,"minecraft:iron_sword":1,"minecraft:furnace":1,"minecraft:stone_axe":1,"minecraft:cooked_mutton":1,"minecraft:air":0,"minecraft:shield":1,"minecraft:stick":12,"minecraft:iron_ingot":20,"minecraft:iron_pickaxe":1,"minecraft:stone_pickaxe":1,"minecraft:stone_sword":1,"minecraft:torch":12},"minecraft:picked_up":{"minecraft:pink_petals":2,"minecraft:crafting_table":2,"minecraft:cherry_planks":3,"minecraft:black_bed":3,"minecraft:leather":3,"minecraft:oak_log":2,"minecraft:blue_bed":1,"minecraft:string":1,"minecraft:blue_orchid":16,"minecraft:wheat_seeds":15,"minecraft:beef":9,"minecraft:bamboo":9,"minecraft:furnace":1,"minecraft:stick":7,"minecraft:raw_iron":20,"minecraft:torch":1,"minecraft:cherry_log":22,"minecraft:spider_eye":3,"minecraft:rotten_flesh":1,"minecraft:pink_tulip":1,"minecraft:cherry_sapling":2,"minecraft:emerald":1,"minecraft:bread":3,"minecraft:mutton":1,"minecraft:coal":60,"minecraft:white_wool":1,"minecraft:cobblestone":64},"minecraft:custom":{"minecraft:interact_with_furnace":12,"minecraft:mob_kills":8,"minecraft:interact_with_crafting_table":10,"minecraft:open_barrel":8,"minecraft:eat_cake_slice":4,"minecraft:leave_game":2,"minecraft:time_since_death":65911,"minecraft:sleep_in_bed":6,"minecraft:climb_one_cm":3163,"minecraft:time_since_rest":10132,"minecraft:sprint_one_cm":183896,"minecraft:damage_taken":699,"minecraft:walk_one_cm":100254,"minecraft:drop":18,"minecraft:damage_dealt":1201,"minecraft:fly_one_cm":229731,"minecraft:open_chest":21,"minecraft:crouch_one_cm":3929,"minecraft:play_time":65911,"minecraft:sneak_time":1993,"minecraft:jump":969,"minecraft:total_world_time":65911,"minecraft:fall_one_cm":32418}},"DataVersion":3465}