{"stats":{"minecraft:used":{"minecraft:cooked_mutton":1,"minecraft:cherry_sapling":2,"minecraft:stone_sword":17,"minecraft:spruce_slab":1,"minecraft:stone_pickaxe":100,"minecraft:shield":2,"minecraft:wooden_pickaxe":16,"minecraft:cherry_planks":3,"minecraft:iron_sword":51,"minecraft:spruce_fence_gate":1,"minecraft:blue_bed":1,"minecraft:cooked_salmon":8,"minecraft:torch":38,"minecraft:dirt":7,"minecraft:mutton":1,"minecraft:crafting_table":3,"minecraft:oak_log":4,"minecraft:blue_orchid":3,"minecraft:bread":3,"minecraft:iron_pickaxe":316,"minecraft:barrel":1,"minecraft:pink_bed":4,"minecraft:bamboo":1,"minecraft:stone_axe":86,"minecraft:pink_petals":2,"minecraft:cobblestone":48,"minecraft:furnace":2,"minecraft:cooked_beef":9,"minecraft:splash_potion":2},"minecraft:killed":{"minecraft:witch":2,"minecraft:spider":2,"minecraft:sheep":2,"minecraft:skeleton":3,"minecraft:pillager":1,"minecraft:zombie":3,"friendsandfoes:moobloom":4,"minecraft:cow":4},"minecraft:crafted":{"hangglider:glider_framework":1,"minecraft:cooked_beef":9,"minecraft:cherry_planks":88,"minecraft:oak_planks":4,"minecraft:crafting_table":1,"hangglider:hang_glider":1,"minecraft:pink_bed":1,"minecraft:wooden_pickaxe":1,"minecraft:iron_sword":1,"minecraft:furnace":1,"minecraft:cooked_salmon":23,"hangglider:glider_wing":2,"minecraft:stone_axe":1,"minecraft:pink_dye":1,"minecraft:cooked_mutton":1,"minecraft:air":0,"minecraft:shield":1,"minecraft:stick":24,"minecraft:iron_ingot":20,"minecraft:iron_pickaxe":1,"minecraft:stone_pickaxe":1,"minecraft:stone_sword":1,"minecraft:torch":44},"minecraft:broken":{"minecraft:iron_pickaxe":1},"minecraft:dropped":{"minecraft:gravel":1,"minecraft:wheat_seeds":18,"minecraft:stone_sword":1,"minecraft:rotten_flesh":3,"minecraft:black_bed":3,"minecraft:spruce_stairs":2,"patchouli:guide_book":1,"minecraft:torch":1,"minecraft:golden_leggings":1,"minecraft:cooked_salmon":9,"minecraft:spider_eye":3,"minecraft:blue_orchid":15,"minecraft:stone_pickaxe":1,"minecraft:wooden_pickaxe":1,"minecraft:sugar":3,"minecraft:iron_pickaxe":1},"minecraft:custom":{"minecraft:interact_with_furnace":17,"minecraft:mob_kills":21,"minecraft:interact_with_crafting_table":14,"minecraft:open_barrel":11,"minecraft:eat_cake_slice":4,"minecraft:leave_game":3,"minecraft:time_since_death":119832,"minecraft:sleep_in_bed":8,"minecraft:climb_one_cm":5017,"minecraft:time_since_rest":767,"minecraft:sprint_one_cm":289925,"minecraft:damage_taken":1186,"minecraft:walk_one_cm":160419,"minecraft:damage_blocked_by_shield":65,"minecraft:drop":37,"minecraft:damage_dealt":3166,"minecraft:fly_one_cm":382410,"minecraft:open_chest":35,"minecraft:crouch_one_cm":14302,"minecraft:play_time":119832,"minecraft:sneak_time":5660,"minecraft:interact_with_brewingstand":1,"minecraft:jump":1594,"minecraft:total_world_time":119832,"minecraft:fall_one_cm":53494},"minecraft:mined":{"minecraft:cherry_planks":3,"minecraft:pink_bed":3,"minecraft:smoker":1,"minecraft:cherry_log":22,"minecraft:brewing_stand":1,"minecraft:crafting_table":2,"minecraft:grass_block":9,"mysticaloaktree:wise_oak":1,"minecraft:dead_bush":5,"minecraft:redstone_wire":1,"minecraft:tall_grass":19,"minecraft:cobblestone":1,"minecraft:oak_planks":4,"minecraft:potted_fern":1,"minecraft:blue_bed":2,"minecraft:wall_torch":3,"minecraft:spruce_stairs":2,"minecraft:large_fern":66,"minecraft:pink_petals":2,"minecraft:furnace":1,"minecraft:iron_ore":35,"minecraft:barrel":1,"minecraft:birch_leaves":4,"minecraft:grass":80,"minecraft:coal_ore":73,"minecraft:oak_log":4,"minecraft:vine":2,"minecraft:gravel":1,"minecraft:dirt":18,"minecraft:cobweb":2,"minecraft:pink_tulip":1,"minecraft:azalea_leaves":2,"minecraft:bamboo":1,"minecraft:blue_orchid":18,"minecraft:spruce_fence_gate":1,"minecraft:stone":99,"minecraft:spruce_slab":1,"minecraft:fern":29},"minecraft:picked_up":{"minecraft:pink_petals":2,"minecraft:crafting_table":2,"minecraft:splash_potion":1,"minecraft:cherry_planks":3,"minecraft:flower_pot":1,"minecraft:black_bed":3,"minecraft:leather":6,"minecraft:smoker":1,"minecraft:potion":1,"minecraft:oak_log":5,"minecraft:brewing_stand":1,"minecraft:dirt":17,"minecraft:string":2,"minecraft:blue_bed":2,"minecraft:bone":4,"minecraft:blue_orchid":18,"minecraft:wheat_seeds":18,"minecraft:beef":17,"minecraft:iron_pickaxe":1,"minecraft:spruce_slab":1,"minecraft:bamboo":9,"minecraft:oak_planks":3,"minecraft:furnace":1,"minecraft:pink_bed":3,"minecraft:stick":9,"minecraft:raw_iron":35,"minecraft:torch":3,"minecraft:spruce_stairs":2,"minecraft:gravel":1,"minecraft:cherry_log":22,"minecraft:redstone":6,"minecraft:barrel":1,"minecraft:spider_eye":3,"minecraft:spruce_fence_gate":1,"minecraft:sugar":6,"minecraft:arrow":5,"minecraft:rotten_flesh":3,"minecraft:slime_ball":6,"minecraft:cherry_sapling":2,"minecraft:pink_tulip":1,"minecraft:bread":3,"minecraft:emerald":2,"minecraft:mutton":2,"minecraft:coal":73,"minecraft:white_wool":2,"minecraft:cobblestone":97}},"DataVersion":3465}