{"stats":{"minecraft:used":{"minecraft:azalea":1,"minecraft:cherry_sapling":2,"minecraft:stone_sword":17,"minecraft:spruce_slab":1,"minecraft:spruce_planks":1,"minecraft:shield":2,"minecraft:iron_sword":101,"minecraft:cooked_salmon":8,"minecraft:torch":48,"minecraft:brewing_stand":1,"minecraft:dirt":9,"minecraft:mutton":1,"minecraft:carrot":1,"minecraft:milk_bucket":1,"minecraft:iron_axe":14,"minecraft:blue_orchid":3,"minecraft:barrel":1,"minecraft:bamboo":1,"minecraft:bow":17,"minecraft:oak_sapling":8,"minecraft:furnace":2,"minecraft:potato":32,"minecraft:cooked_beef":16,"minecraft:wheat_seeds":5,"minecraft:cooked_mutton":1,"minecraft:water_bucket":40,"minecraft:stone_pickaxe":100,"minecraft:wooden_pickaxe":16,"minecraft:cherry_planks":3,"minecraft:blue_bed":1,"minecraft:spruce_fence_gate":1,"minecraft:crafting_table":4,"minecraft:white_bed":1,"minecraft:smoker":1,"minecraft:oak_log":4,"minecraft:cyan_bed":1,"minecraft:bread":9,"minecraft:iron_pickaxe":316,"minecraft:stone_axe":133,"minecraft:pink_petals":2,"minecraft:pink_bed":4,"minecraft:cobblestone":48,"minecraft:bucket":40,"minecraft:bone_meal":12,"minecraft:splash_potion":2},"minecraft:killed":{"minecraft:witch":7,"minecraft:spider":3,"minecraft:skeleton":3,"minecraft:pig":2,"minecraft:sheep":4,"minecraft:pillager":1,"minecraft:zombie":7,"creeperoverhaul:swamp_creeper":1,"friendsandfoes:moobloom":4,"minecraft:cow":6},"minecraft:crafted":{"hangglider:glider_framework":1,"minecraft:cherry_planks":88,"minecraft:oak_planks":32,"minecraft:pink_bed":1,"hangglider:hang_glider":1,"minecraft:furnace":1,"minecraft:bone_meal":12,"hangglider:glider_wing":2,"minecraft:pink_dye":1,"minecraft:cooked_mutton":1,"minecraft:iron_axe":1,"minecraft:stone_pickaxe":1,"minecraft:cooked_beef":20,"minecraft:crafting_table":2,"minecraft:wooden_pickaxe":1,"minecraft:iron_sword":1,"minecraft:cooked_salmon":23,"minecraft:bucket":1,"minecraft:stone_axe":1,"minecraft:air":0,"minecraft:shield":1,"minecraft:stick":24,"minecraft:iron_ingot":20,"minecraft:iron_pickaxe":1,"minecraft:stone_sword":1,"minecraft:white_bed":1,"minecraft:torch":48},"minecraft:broken":{"minecraft:stone_axe":1,"minecraft:iron_pickaxe":1},"minecraft:dropped":{"minecraft:iron_ingot":13,"minecraft:bread":1,"minecraft:wheat_seeds":18,"minecraft:cobblestone":17,"minecraft:black_bed":3,"minecraft:spruce_stairs":2,"minecraft:stick":1,"minecraft:dirt":1,"minecraft:torch":1,"minecraft:cooked_salmon":15,"minecraft:potion":3,"minecraft:iron_leggings":1,"minecraft:sugar":3,"minecraft:iron_pickaxe":4,"minecraft:iron_shovel":2,"minecraft:birch_log":1,"minecraft:bucket":1,"minecraft:gravel":1,"hangglider:hang_glider":1,"minecraft:stone_sword":1,"minecraft:rotten_flesh":3,"minecraft:fern":1,"patchouli:guide_book":1,"minecraft:flower_pot":1,"minecraft:golden_leggings":1,"minecraft:spider_eye":6,"minecraft:spruce_slab":2,"minecraft:blue_orchid":17,"minecraft:wooden_pickaxe":1,"minecraft:stone_pickaxe":1},"minecraft:custom":{"minecraft:mob_kills":38,"minecraft:inspect_hopper":2,"minecraft:interact_with_crafting_table":18,"minecraft:open_barrel":33,"minecraft:eat_cake_slice":4,"minecraft:leave_game":3,"minecraft:time_since_death":149832,"minecraft:climb_one_cm":6070,"minecraft:sprint_one_cm":434152,"minecraft:walk_one_cm":237311,"minecraft:damage_blocked_by_shield":65,"minecraft:drop":63,"minecraft:play_time":149832,"minecraft:sneak_time":5932,"minecraft:walk_under_water_one_cm":785,"minecraft:jump":2345,"minecraft:interact_with_brewingstand":3,"minecraft:walk_on_water_one_cm":4762,"minecraft:total_world_time":149832,"minecraft:interact_with_furnace":17,"minecraft:sleep_in_bed":11,"minecraft:time_since_rest":9756,"minecraft:damage_taken":1898,"minecraft:damage_dealt":4898,"minecraft:swim_one_cm":5052,"minecraft:fly_one_cm":598718,"minecraft:open_chest":61,"minecraft:crouch_one_cm":15180,"minecraft:interact_with_smoker":4,"minecraft:use_cauldron":1,"minecraft:fall_one_cm":78666},"minecraft:mined":{"minecraft:spruce_planks":2,"minecraft:oak_sapling":2,"minecraft:pink_bed":3,"minecraft:cherry_log":22,"minecraft:brewing_stand":1,"minecraft:grass_block":10,"minecraft:redstone_wire":1,"minecraft:potted_fern":1,"minecraft:large_fern":83,"minecraft:furnace":1,"minecraft:iron_ore":35,"minecraft:barrel":1,"minecraft:bookshelf":13,"minecraft:potatoes":1,"minecraft:flowering_azalea_leaves":5,"minecraft:vine":3,"minecraft:pink_tulip":1,"minecraft:azalea_leaves":24,"minecraft:bamboo":1,"minecraft:stone":99,"minecraft:blue_orchid":18,"minecraft:spruce_slab":1,"minecraft:cherry_planks":3,"minecraft:smoker":1,"minecraft:crafting_table":2,"minecraft:torch":1,"mysticaloaktree:wise_oak":1,"minecraft:dead_bush":7,"minecraft:tall_grass":22,"minecraft:cobblestone":1,"minecraft:cyan_bed":1,"minecraft:oak_planks":4,"minecraft:wall_torch":3,"minecraft:blue_bed":2,"minecraft:pink_petals":2,"minecraft:spruce_stairs":2,"minecraft:birch_leaves":4,"minecraft:grass":98,"minecraft:oak_log":20,"minecraft:coal_ore":73,"minecraft:gravel":1,"minecraft:dirt":18,"minecraft:cobweb":4,"minecraft:spruce_fence_gate":1,"minecraft:oak_leaves":2,"minecraft:fern":38},"minecraft:picked_up":{"minecraft:crafting_table":2,"minecraft:splash_potion":1,"minecraft:flower_pot":1,"minecraft:potion":1,"minecraft:brewing_stand":1,"minecraft:string":8,"minecraft:iron_shovel":1,"minecraft:blue_orchid":20,"minecraft:spruce_planks":2,"minecraft:beef":20,"minecraft:azalea":1,"minecraft:iron_pickaxe":2,"minecraft:spruce_slab":3,"minecraft:furnace":1,"minecraft:raw_iron":35,"minecraft:stick":15,"minecraft:torch":4,"minecraft:spruce_stairs":2,"minecraft:porkchop":3,"minecraft:cherry_log":22,"minecraft:redstone":7,"minecraft:arrow":5,"minecraft:rotten_flesh":3,"minecraft:pink_tulip":1,"minecraft:mutton":4,"minecraft:white_wool":5,"minecraft:cobblestone":97,"minecraft:birch_log":1,"minecraft:pink_petals":2,"minecraft:cherry_planks":3,"minecraft:black_bed":3,"minecraft:leather":6,"minecraft:fern":1,"minecraft:smoker":1,"minecraft:potato":9,"minecraft:oak_log":21,"minecraft:blue_bed":2,"minecraft:dirt":20,"minecraft:bone":4,"minecraft:wheat_seeds":22,"minecraft:iron_ingot":13,"minecraft:glowstone_dust":2,"minecraft:glass_bottle":2,"minecraft:bamboo":9,"minecraft:oak_planks":3,"minecraft:book":39,"minecraft:pink_bed":3,"minecraft:gravel":1,"minecraft:cyan_bed":1,"minecraft:spider_eye":6,"minecraft:barrel":1,"minecraft:spruce_fence_gate":1,"minecraft:sugar":7,"minecraft:slime_ball":6,"minecraft:cherry_sapling":2,"minecraft:emerald":3,"minecraft:bread":4,"minecraft:oak_sapling":7,"minecraft:coal":73}},"DataVersion":3465}