{"stats":{"minecraft:used":{"minecraft:azalea":6,"minecraft:cherry_sapling":2,"minecraft:stone_sword":17,"minecraft:iron_shovel":43,"minecraft:spruce_slab":1,"minecraft:chest":14,"minecraft:spruce_planks":1,"minecraft:shield":11,"minecraft:iron_sword":310,"minecraft:cooked_salmon":8,"comforts:hammock_white":2,"minecraft:torch":59,"minecraft:brewing_stand":1,"minecraft:dirt":9,"minecraft:anvil":1,"minecraft:mutton":1,"minecraft:carrot":4,"minecraft:diamond_helmet":1,"minecraft:tuff":1,"minecraft:milk_bucket":1,"minecraft:flowering_azalea":1,"minecraft:lantern":4,"minecraft:iron_axe":505,"minecraft:blue_orchid":3,"minecraft:stone_bricks":1,"minecraft:barrel":5,"minecraft:item_frame":6,"minecraft:bamboo":1,"minecraft:golden_carrot":5,"minecraft:bow":75,"minecraft:furnace":3,"minecraft:oak_sapling":8,"minecraft:cooked_beef":20,"minecraft:potato":79,"minecraft:wheat_seeds":26,"minecraft:cooked_mutton":1,"minecraft:water_bucket":40,"minecraft:stone_pickaxe":100,"minecraft:oak_planks":152,"minecraft:wooden_pickaxe":16,"minecraft:cherry_planks":3,"minecraft:diamond_axe":18,"minecraft:spruce_fence_gate":1,"minecraft:blue_bed":1,"minecraft:golden_apple":3,"minecraft:oak_slab":112,"minecraft:crafting_table":6,"minecraft:blast_furnace":4,"minecraft:white_bed":1,"bosses_of_mass_destruction:soul_star":1,"minecraft:smoker":2,"minecraft:oak_log":45,"minecraft:bread":54,"minecraft:cyan_bed":3,"minecraft:map":1,"minecraft:iron_pickaxe":495,"minecraft:pink_petals":2,"minecraft:stone_axe":133,"minecraft:pink_bed":8,"comforts:rope_and_nail":4,"minecraft:diamond_sword":148,"minecraft:cobblestone":74,"minecraft:turtle_helmet":2,"minecraft:cooked_porkchop":3,"minecraft:bucket":40,"minecraft:splash_potion":2,"minecraft:bone_meal":31},"minecraft:killed":{"minecraft:witch":8,"minecraft:spider":8,"minecraft:skeleton":30,"minecraft:husk":10,"minecraft:pig":2,"minecraft:sheep":4,"minecraft:pillager":1,"minecraft:zombie":45,"creeperoverhaul:swamp_creeper":1,"minecraft:stray":5,"friendsandfoes:moobloom":4,"minecraft:cow":11},"minecraft:crafted":{"hangglider:glider_framework":1,"minecraft:cherry_planks":88,"minecraft:oak_planks":244,"minecraft:coal":18,"minecraft:barrel":2,"minecraft:iron_nugget":27,"minecraft:pink_bed":1,"hangglider:hang_glider":1,"minecraft:furnace":2,"minecraft:bone_meal":66,"hangglider:glider_wing":2,"comforts:hammock_white":1,"minecraft:pink_dye":1,"minecraft:cooked_mutton":1,"minecraft:lantern":3,"minecraft:iron_axe":2,"minecraft:stone_pickaxe":1,"minecraft:chest":10,"minecraft:turtle_helmet":1,"minecraft:cooked_beef":20,"minecraft:oak_slab":108,"minecraft:cooked_porkchop":3,"minecraft:crafting_table":2,"minecraft:wooden_pickaxe":1,"minecraft:iron_sword":1,"minecraft:cooked_salmon":23,"minecraft:bucket":1,"minecraft:stone_axe":1,"minecraft:air":0,"minecraft:shield":1,"adventurez:ender_flute":1,"comforts:rope_and_nail":2,"minecraft:stick":24,"minecraft:iron_ingot":39,"minecraft:iron_pickaxe":1,"minecraft:iron_block":3,"minecraft:stone_sword":1,"minecraft:anvil":1,"minecraft:white_bed":1,"minecraft:torch":48},"minecraft:broken":{"minecraft:iron_axe":1,"minecraft:stone_axe":1,"minecraft:iron_sword":1,"minecraft:iron_pickaxe":1},"minecraft:dropped":{"minecraft:enchanted_book":1,"minecraft:iron_ingot":13,"minecraft:bread":1,"minecraft:brown_mushroom":1,"minecraft:wheat_seeds":26,"minecraft:glass_bottle":2,"minecraft:cobblestone":18,"minecraft:scute":1,"minecraft:black_bed":3,"minecraft:spruce_stairs":18,"minecraft:coal_block":2,"minecraft:stick":1,"minecraft:dirt":1,"minecraft:torch":1,"minecraft:cooked_salmon":15,"minecraft:iron_leggings":3,"minecraft:potion":4,"minecraft:iron_axe":1,"minecraft:sugar":3,"minecraft:iron_pickaxe":4,"minecraft:bucket":1,"minecraft:string":27,"minecraft:dark_oak_planks":3,"minecraft:iron_shovel":2,"minecraft:birch_log":1,"minecraft:cyan_carpet":10,"minecraft:cauldron":1,"minecraft:bone":1,"minecraft:gravel":1,"hangglider:hang_glider":1,"minecraft:iron_nugget":3,"minecraft:stone_sword":1,"minecraft:smooth_stone_slab":2,"minecraft:obsidian":12,"minecraft:rotten_flesh":22,"minecraft:iron_boots":1,"minecraft:oak_planks":9,"minecraft:fern":1,"minecraft:glowstone_dust":2,"minecraft:name_tag":1,"minecraft:filled_map":1,"patchouli:guide_book":1,"minecraft:poppy":1,"minecraft:cyan_wool":1,"minecraft:turtle_helmet":1,"minecraft:flower_pot":3,"minecraft:spruce_planks":6,"minecraft:iron_chestplate":1,"minecraft:golden_leggings":1,"minecraft:spider_eye":7,"minecraft:spruce_slab":35,"minecraft:beef":4,"minecraft:stone_pickaxe":1,"minecraft:blue_orchid":26,"minecraft:wooden_pickaxe":1,"minecraft:cooked_rabbit":2},"minecraft:custom":{"minecraft:interact_with_anvil":1,"minecraft:mob_kills":132,"minecraft:inspect_hopper":2,"minecraft:interact_with_crafting_table":42,"minecraft:open_barrel":79,"minecraft:eat_cake_slice":9,"minecraft:leave_game":5,"minecraft:time_since_death":300853,"minecraft:climb_one_cm":14296,"minecraft:damage_resisted":36,"minecraft:sprint_one_cm":907897,"minecraft:walk_one_cm":564815,"minecraft:damage_blocked_by_shield":325,"minecraft:drop":113,"minecraft:talked_to_villager":3,"minecraft:play_time":300853,"minecraft:sneak_time":14871,"minecraft:walk_under_water_one_cm":1061,"minecraft:jump":4794,"minecraft:interact_with_brewingstand":6,"minecraft:interact_with_blast_furnace":7,"minecraft:walk_on_water_one_cm":10344,"minecraft:total_world_time":300853,"minecraft:interact_with_furnace":25,"minecraft:sleep_in_bed":19,"minecraft:time_since_rest":51874,"minecraft:damage_taken":5070,"minecraft:damage_absorbed":118,"minecraft:damage_dealt":20845,"minecraft:swim_one_cm":5975,"minecraft:fly_one_cm":1108243,"minecraft:open_chest":138,"minecraft:crouch_one_cm":43593,"minecraft:interact_with_smoker":8,"minecraft:use_cauldron":1,"minecraft:fall_one_cm":145954},"minecraft:mined":{"minecraft:tuff":1,"minecraft:spruce_planks":7,"minecraft:oak_sapling":2,"minecraft:pink_bed":7,"comforts:rope_and_nail":2,"minecraft:cherry_log":22,"minecraft:brewing_stand":1,"minecraft:grass_block":10,"minecraft:redstone_wire":1,"minecraft:coal_block":2,"minecraft:spawner":12,"minecraft:potted_fern":1,"minecraft:large_fern":117,"minecraft:furnace":1,"minecraft:carrots":1,"minecraft:iron_ore":56,"minecraft:barrel":3,"minecraft:snow":20,"minecraft:bookshelf":18,"minecraft:potatoes":33,"minecraft:deepslate_iron_ore":13,"minecraft:flowering_azalea_leaves":16,"minecraft:vine":7,"minecraft:lantern":1,"minecraft:pink_tulip":1,"minecraft:azalea_leaves":84,"minecraft:bamboo":1,"minecraft:stone":104,"minecraft:blue_orchid":29,"minecraft:spruce_slab":41,"minecraft:oak_slab":7,"minecraft:potted_brown_mushroom":1,"minecraft:glass_pane":1,"minecraft:cherry_planks":3,"minecraft:smoker":2,"minecraft:dandelion":1,"comforts:hammock_white":1,"minecraft:crafting_table":4,"minecraft:torch":1,"minecraft:blast_furnace":4,"minecraft:chest":4,"mysticaloaktree:wise_oak":1,"minecraft:dead_bush":9,"minecraft:tall_grass":22,"minecraft:cobblestone":23,"minecraft:cyan_bed":1,"minecraft:oak_planks":49,"minecraft:wall_torch":12,"minecraft:blue_bed":2,"minecraft:cauldron":1,"minecraft:pink_petals":2,"minecraft:spruce_stairs":18,"minecraft:wheat":6,"minecraft:birch_leaves":29,"minecraft:potted_poppy":1,"minecraft:smooth_stone_slab":3,"minecraft:grass":173,"minecraft:oak_log":108,"minecraft:coal_ore":73,"minecraft:cyan_carpet":1,"minecraft:gravel":2,"minecraft:dirt":18,"minecraft:cobweb":16,"minecraft:stone_bricks":1,"minecraft:spruce_fence_gate":1,"minecraft:oak_leaves":6,"minecraft:fern":55},"minecraft:picked_up":{"minecraft:crafting_table":4,"minecraft:wheat":6,"minecraft:splash_potion":2,"minecraft:flower_pot":3,"minecraft:brown_mushroom":1,"minecraft:cooked_rabbit":2,"minecraft:enchanted_book":5,"minecraft:potion":6,"comforts:hammock_white":1,"minecraft:brewing_stand":1,"minecraft:string":79,"minecraft:smooth_stone_slab":2,"minecraft:item_frame":8,"minecraft:iron_shovel":1,"minecraft:cyan_carpet":10,"minecraft:blue_orchid":29,"bosses_of_mass_destruction:soul_star":2,"minecraft:spruce_planks":7,"minecraft:beef":28,"minecraft:azalea":6,"minecraft:cyan_wool":1,"minecraft:poppy":1,"minecraft:iron_pickaxe":2,"minecraft:spruce_slab":36,"minecraft:coal_block":4,"minecraft:chest":4,"minecraft:furnace":1,"minecraft:tipped_arrow":2,"minecraft:raw_iron":69,"minecraft:stick":31,"minecraft:torch":13,"minecraft:spruce_stairs":18,"minecraft:porkchop":3,"minecraft:cherry_log":22,"minecraft:carrot":4,"minecraft:redstone":27,"minecraft:cauldron":1,"minecraft:dark_oak_planks":3,"minecraft:arrow":36,"minecraft:rotten_flesh":34,"minecraft:pink_tulip":1,"minecraft:saddle":1,"immersive_melodies:flute":1,"minecraft:obsidian":24,"minecraft:mutton":4,"minecraft:white_wool":5,"minecraft:cobblestone":124,"minecraft:birch_log":1,"minecraft:pink_petals":2,"minecraft:cherry_planks":3,"minecraft:black_bed":3,"minecraft:leather":15,"minecraft:fern":1,"minecraft:smoker":2,"minecraft:potato":129,"minecraft:tuff":1,"minecraft:oak_log":107,"minecraft:gunpowder":11,"minecraft:dirt":20,"minecraft:blue_bed":2,"minecraft:lantern":1,"minecraft:name_tag":2,"comforts:rope_and_nail":2,"minecraft:bone":42,"minecraft:stone_bricks":1,"minecraft:wheat_seeds":52,"minecraft:iron_ingot":20,"minecraft:bamboo":9,"minecraft:glass_bottle":2,"minecraft:glowstone_dust":2,"minecraft:oak_planks":54,"minecraft:flowering_azalea":1,"minecraft:oak_slab":8,"minecraft:book":107,"minecraft:pink_bed":7,"minecraft:poisonous_potato":1,"minecraft:gravel":1,"minecraft:blast_furnace":4,"minecraft:cyan_bed":3,"minecraft:barrel":3,"minecraft:spider_eye":7,"minecraft:spruce_fence_gate":1,"minecraft:sugar":7,"minecraft:slime_ball":27,"minecraft:scute":2,"minecraft:cherry_sapling":2,"minecraft:golden_apple":1,"minecraft:bread":4,"minecraft:emerald":16,"minecraft:oak_sapling":7,"minecraft:coal":90}},"DataVersion":3465}