{"stats":{"minecraft:used":{"minecraft:cherry_sapling":2,"minecraft:stone_sword":17,"minecraft:spruce_slab":1,"minecraft:shield":2,"minecraft:iron_sword":86,"minecraft:cooked_salmon":8,"minecraft:torch":41,"minecraft:brewing_stand":1,"minecraft:dirt":7,"minecraft:mutton":1,"minecraft:blue_orchid":3,"minecraft:barrel":1,"minecraft:bamboo":1,"minecraft:furnace":2,"minecraft:cooked_beef":9,"minecraft:cooked_mutton":1,"minecraft:stone_pickaxe":100,"minecraft:wooden_pickaxe":16,"minecraft:cherry_planks":3,"minecraft:blue_bed":1,"minecraft:spruce_fence_gate":1,"minecraft:crafting_table":3,"minecraft:white_bed":1,"minecraft:smoker":1,"minecraft:oak_log":4,"minecraft:bread":8,"minecraft:iron_pickaxe":316,"minecraft:stone_axe":86,"minecraft:pink_petals":2,"minecraft:pink_bed":4,"minecraft:cobblestone":48,"minecraft:splash_potion":2},"minecraft:killed":{"minecraft:witch":3,"minecraft:spider":2,"minecraft:skeleton":3,"minecraft:pig":2,"minecraft:sheep":4,"minecraft:pillager":1,"minecraft:zombie":5,"friendsandfoes:moobloom":4,"minecraft:cow":6},"minecraft:crafted":{"hangglider:glider_framework":1,"minecraft:cherry_planks":88,"minecraft:oak_planks":4,"minecraft:pink_bed":1,"hangglider:hang_glider":1,"minecraft:furnace":1,"hangglider:glider_wing":2,"minecraft:pink_dye":1,"minecraft:cooked_mutton":1,"minecraft:stone_pickaxe":1,"minecraft:cooked_beef":9,"minecraft:crafting_table":1,"minecraft:wooden_pickaxe":1,"minecraft:iron_sword":1,"minecraft:cooked_salmon":23,"minecraft:stone_axe":1,"minecraft:air":0,"minecraft:shield":1,"minecraft:stick":24,"minecraft:iron_ingot":20,"minecraft:iron_pickaxe":1,"minecraft:stone_sword":1,"minecraft:white_bed":1,"minecraft:torch":44},"minecraft:broken":{"minecraft:iron_pickaxe":1},"minecraft:dropped":{"minecraft:wheat_seeds":18,"minecraft:black_bed":3,"minecraft:spruce_stairs":2,"minecraft:torch":1,"minecraft:cooked_salmon":9,"minecraft:potion":3,"minecraft:sugar":3,"minecraft:iron_pickaxe":1,"minecraft:birch_log":1,"minecraft:gravel":1,"hangglider:hang_glider":1,"minecraft:stone_sword":1,"minecraft:rotten_flesh":3,"minecraft:fern":1,"patchouli:guide_book":1,"minecraft:flower_pot":1,"minecraft:golden_leggings":1,"minecraft:spider_eye":4,"minecraft:spruce_slab":2,"minecraft:blue_orchid":15,"minecraft:wooden_pickaxe":1,"minecraft:stone_pickaxe":1},"minecraft:custom":{"minecraft:mob_kills":30,"minecraft:interact_with_crafting_table":15,"minecraft:open_barrel":14,"minecraft:eat_cake_slice":4,"minecraft:leave_game":3,"minecraft:time_since_death":131832,"minecraft:climb_one_cm":6070,"minecraft:sprint_one_cm":351311,"minecraft:walk_one_cm":177889,"minecraft:damage_blocked_by_shield":65,"minecraft:drop":46,"minecraft:play_time":131832,"minecraft:sneak_time":5677,"minecraft:walk_under_water_one_cm":257,"minecraft:jump":2043,"minecraft:interact_with_brewingstand":2,"minecraft:walk_on_water_one_cm":4450,"minecraft:total_world_time":131832,"minecraft:interact_with_furnace":17,"minecraft:sleep_in_bed":9,"minecraft:time_since_rest":10832,"minecraft:damage_taken":1186,"minecraft:damage_dealt":4337,"minecraft:swim_one_cm":5052,"minecraft:fly_one_cm":514947,"minecraft:open_chest":46,"minecraft:crouch_one_cm":14352,"minecraft:interact_with_smoker":1,"minecraft:fall_one_cm":70797},"minecraft:mined":{"minecraft:pink_bed":3,"minecraft:cherry_log":22,"minecraft:brewing_stand":1,"minecraft:grass_block":9,"minecraft:redstone_wire":1,"minecraft:potted_fern":1,"minecraft:large_fern":73,"minecraft:furnace":1,"minecraft:iron_ore":35,"minecraft:barrel":1,"minecraft:vine":3,"minecraft:pink_tulip":1,"minecraft:azalea_leaves":2,"minecraft:bamboo":1,"minecraft:stone":99,"minecraft:blue_orchid":18,"minecraft:spruce_slab":1,"minecraft:cherry_planks":3,"minecraft:smoker":1,"minecraft:crafting_table":2,"mysticaloaktree:wise_oak":1,"minecraft:dead_bush":6,"minecraft:tall_grass":21,"minecraft:cobblestone":1,"minecraft:cyan_bed":1,"minecraft:oak_planks":4,"minecraft:wall_torch":3,"minecraft:blue_bed":2,"minecraft:pink_petals":2,"minecraft:spruce_stairs":2,"minecraft:birch_leaves":4,"minecraft:grass":83,"minecraft:oak_log":4,"minecraft:coal_ore":73,"minecraft:gravel":1,"minecraft:dirt":18,"minecraft:cobweb":2,"minecraft:spruce_fence_gate":1,"minecraft:fern":30},"minecraft:picked_up":{"minecraft:crafting_table":2,"minecraft:splash_potion":1,"minecraft:flower_pot":1,"minecraft:potion":1,"minecraft:brewing_stand":1,"minecraft:string":3,"minecraft:blue_orchid":18,"minecraft:beef":20,"minecraft:iron_pickaxe":1,"minecraft:spruce_slab":3,"minecraft:furnace":1,"minecraft:raw_iron":35,"minecraft:stick":9,"minecraft:torch":3,"minecraft:spruce_stairs":2,"minecraft:porkchop":3,"minecraft:cherry_log":22,"minecraft:redstone":6,"minecraft:arrow":5,"minecraft:rotten_flesh":3,"minecraft:pink_tulip":1,"minecraft:mutton":4,"minecraft:white_wool":5,"minecraft:cobblestone":97,"minecraft:birch_log":1,"minecraft:pink_petals":2,"minecraft:cherry_planks":3,"minecraft:black_bed":3,"minecraft:leather":6,"minecraft:fern":1,"minecraft:smoker":1,"minecraft:oak_log":5,"minecraft:blue_bed":2,"minecraft:dirt":17,"minecraft:bone":4,"minecraft:wheat_seeds":18,"minecraft:bamboo":9,"minecraft:oak_planks":3,"minecraft:pink_bed":3,"minecraft:gravel":1,"minecraft:cyan_bed":1,"minecraft:spider_eye":4,"minecraft:barrel":1,"minecraft:spruce_fence_gate":1,"minecraft:sugar":6,"minecraft:slime_ball":6,"minecraft:cherry_sapling":2,"minecraft:emerald":2,"minecraft:bread":3,"minecraft:coal":73}},"DataVersion":3465}