{"stats":{"minecraft:used":{"minecraft:cooked_mutton":1,"minecraft:cherry_sapling":2,"minecraft:stone_sword":17,"minecraft:spruce_slab":1,"minecraft:stone_pickaxe":100,"minecraft:shield":2,"minecraft:wooden_pickaxe":16,"minecraft:cherry_planks":3,"minecraft:iron_sword":33,"minecraft:spruce_fence_gate":1,"minecraft:blue_bed":1,"minecraft:cooked_salmon":6,"minecraft:torch":12,"minecraft:mutton":1,"minecraft:crafting_table":3,"minecraft:oak_log":1,"minecraft:blue_orchid":3,"minecraft:bread":3,"minecraft:iron_pickaxe":246,"minecraft:pink_bed":3,"minecraft:bamboo":1,"minecraft:stone_axe":60,"minecraft:pink_petals":2,"minecraft:cobblestone":31,"minecraft:furnace":2,"minecraft:cooked_beef":9,"minecraft:splash_potion":2},"minecraft:killed":{"minecraft:witch":1,"minecraft:spider":2,"minecraft:sheep":2,"minecraft:skeleton":3,"minecraft:pillager":1,"minecraft:zombie":2,"friendsandfoes:moobloom":4},"minecraft:crafted":{"minecraft:cooked_beef":9,"minecraft:cherry_planks":88,"minecraft:oak_planks":4,"minecraft:crafting_table":1,"minecraft:pink_bed":1,"minecraft:wooden_pickaxe":1,"minecraft:iron_sword":1,"minecraft:furnace":1,"minecraft:cooked_salmon":23,"minecraft:stone_axe":1,"minecraft:pink_dye":1,"minecraft:cooked_mutton":1,"minecraft:air":0,"minecraft:shield":1,"minecraft:stick":12,"minecraft:iron_ingot":20,"minecraft:iron_pickaxe":1,"minecraft:stone_pickaxe":1,"minecraft:stone_sword":1,"minecraft:torch":12},"minecraft:dropped":{"minecraft:wheat_seeds":18,"minecraft:stone_sword":1,"minecraft:rotten_flesh":1,"minecraft:black_bed":3,"patchouli:guide_book":1,"minecraft:torch":1,"minecraft:cooked_salmon":9,"minecraft:spider_eye":3,"minecraft:blue_orchid":15,"minecraft:stone_pickaxe":1,"minecraft:wooden_pickaxe":1,"minecraft:iron_pickaxe":1},"minecraft:custom":{"minecraft:interact_with_furnace":17,"minecraft:mob_kills":15,"minecraft:interact_with_crafting_table":10,"minecraft:open_barrel":9,"minecraft:eat_cake_slice":4,"minecraft:leave_game":3,"minecraft:time_since_death":107832,"minecraft:sleep_in_bed":7,"minecraft:climb_one_cm":4625,"minecraft:time_since_rest":8699,"minecraft:sprint_one_cm":239092,"minecraft:damage_taken":1153,"minecraft:walk_one_cm":134606,"minecraft:damage_blocked_by_shield":65,"minecraft:drop":32,"minecraft:damage_dealt":2297,"minecraft:fly_one_cm":295748,"minecraft:open_chest":27,"minecraft:crouch_one_cm":12326,"minecraft:play_time":107832,"minecraft:sneak_time":4804,"minecraft:interact_with_brewingstand":1,"minecraft:jump":1286,"minecraft:total_world_time":107832,"minecraft:fall_one_cm":42283},"minecraft:mined":{"minecraft:cherry_planks":3,"minecraft:pink_bed":2,"minecraft:cherry_log":22,"minecraft:crafting_table":2,"mysticaloaktree:wise_oak":1,"minecraft:dead_bush":5,"minecraft:tall_grass":19,"minecraft:cobblestone":1,"minecraft:blue_bed":2,"minecraft:wall_torch":2,"minecraft:large_fern":59,"minecraft:pink_petals":2,"minecraft:furnace":1,"minecraft:iron_ore":35,"minecraft:grass":76,"minecraft:coal_ore":73,"minecraft:oak_log":1,"minecraft:cobweb":1,"minecraft:pink_tulip":1,"minecraft:azalea_leaves":2,"minecraft:bamboo":1,"minecraft:blue_orchid":18,"minecraft:spruce_fence_gate":1,"minecraft:stone":70,"minecraft:spruce_slab":1,"minecraft:fern":26},"minecraft:picked_up":{"minecraft:pink_petals":2,"minecraft:crafting_table":2,"minecraft:cherry_planks":3,"minecraft:black_bed":3,"minecraft:leather":3,"minecraft:oak_log":2,"minecraft:string":1,"minecraft:blue_bed":2,"minecraft:bone":4,"minecraft:blue_orchid":18,"minecraft:wheat_seeds":18,"minecraft:beef":9,"minecraft:iron_pickaxe":1,"minecraft:spruce_slab":1,"minecraft:bamboo":9,"minecraft:furnace":1,"minecraft:pink_bed":2,"minecraft:stick":9,"minecraft:raw_iron":35,"minecraft:torch":2,"minecraft:cherry_log":22,"minecraft:spider_eye":3,"minecraft:spruce_fence_gate":1,"minecraft:arrow":5,"minecraft:rotten_flesh":1,"minecraft:cherry_sapling":2,"minecraft:pink_tulip":1,"minecraft:bread":3,"minecraft:emerald":1,"minecraft:mutton":2,"minecraft:coal":73,"minecraft:white_wool":2,"minecraft:cobblestone":75}},"DataVersion":3465}