{"stats":{"minecraft:used":{"minecraft:azalea":1,"minecraft:cherry_sapling":2,"minecraft:stone_sword":17,"minecraft:spruce_slab":1,"minecraft:spruce_planks":1,"minecraft:shield":2,"minecraft:iron_sword":154,"minecraft:cooked_salmon":8,"minecraft:torch":52,"minecraft:brewing_stand":1,"minecraft:dirt":9,"minecraft:mutton":1,"minecraft:carrot":1,"minecraft:milk_bucket":1,"minecraft:iron_axe":222,"minecraft:blue_orchid":3,"minecraft:barrel":1,"minecraft:bamboo":1,"minecraft:bow":24,"minecraft:oak_sapling":8,"minecraft:furnace":2,"minecraft:potato":33,"minecraft:cooked_beef":19,"minecraft:wheat_seeds":7,"minecraft:cooked_mutton":1,"minecraft:water_bucket":40,"minecraft:stone_pickaxe":100,"minecraft:oak_planks":76,"minecraft:wooden_pickaxe":16,"minecraft:cherry_planks":3,"minecraft:blue_bed":1,"minecraft:spruce_fence_gate":1,"minecraft:crafting_table":5,"minecraft:white_bed":1,"minecraft:smoker":1,"minecraft:oak_log":24,"minecraft:cyan_bed":1,"minecraft:bread":9,"minecraft:iron_pickaxe":318,"minecraft:stone_axe":133,"minecraft:pink_petals":2,"minecraft:pink_bed":4,"minecraft:cobblestone":48,"minecraft:turtle_helmet":1,"minecraft:bucket":40,"minecraft:bone_meal":12,"minecraft:splash_potion":2},"minecraft:killed":{"minecraft:witch":8,"minecraft:spider":4,"minecraft:skeleton":4,"minecraft:pig":2,"minecraft:sheep":4,"minecraft:pillager":1,"minecraft:zombie":11,"creeperoverhaul:swamp_creeper":1,"friendsandfoes:moobloom":4,"minecraft:cow":6},"minecraft:crafted":{"hangglider:glider_framework":1,"minecraft:cherry_planks":88,"minecraft:oak_planks":92,"minecraft:pink_bed":1,"hangglider:hang_glider":1,"minecraft:furnace":1,"minecraft:bone_meal":66,"hangglider:glider_wing":2,"minecraft:pink_dye":1,"minecraft:cooked_mutton":1,"minecraft:iron_axe":1,"minecraft:stone_pickaxe":1,"minecraft:turtle_helmet":1,"minecraft:cooked_beef":20,"minecraft:crafting_table":2,"minecraft:wooden_pickaxe":1,"minecraft:iron_sword":1,"minecraft:cooked_salmon":23,"minecraft:bucket":1,"minecraft:stone_axe":1,"minecraft:air":0,"minecraft:shield":1,"minecraft:stick":24,"minecraft:iron_ingot":20,"minecraft:iron_pickaxe":1,"minecraft:stone_sword":1,"minecraft:white_bed":1,"minecraft:torch":48},"minecraft:broken":{"minecraft:stone_axe":1,"minecraft:iron_pickaxe":1},"minecraft:dropped":{"minecraft:iron_ingot":13,"minecraft:bread":1,"minecraft:brown_mushroom":1,"minecraft:wheat_seeds":22,"minecraft:glass_bottle":2,"minecraft:cobblestone":17,"minecraft:black_bed":3,"minecraft:spruce_stairs":2,"minecraft:stick":1,"minecraft:dirt":1,"minecraft:torch":1,"minecraft:cooked_salmon":15,"minecraft:potion":3,"minecraft:iron_leggings":1,"minecraft:sugar":3,"minecraft:iron_pickaxe":4,"minecraft:iron_shovel":2,"minecraft:birch_log":1,"minecraft:bucket":1,"minecraft:cauldron":1,"minecraft:gravel":1,"hangglider:hang_glider":1,"minecraft:stone_sword":1,"minecraft:rotten_flesh":4,"minecraft:fern":1,"minecraft:glowstone_dust":2,"patchouli:guide_book":1,"minecraft:flower_pot":2,"minecraft:spruce_planks":1,"minecraft:golden_leggings":1,"minecraft:spider_eye":6,"minecraft:spruce_slab":6,"minecraft:blue_orchid":26,"minecraft:wooden_pickaxe":1,"minecraft:stone_pickaxe":1},"minecraft:custom":{"minecraft:mob_kills":45,"minecraft:inspect_hopper":2,"minecraft:interact_with_crafting_table":20,"minecraft:open_barrel":37,"minecraft:eat_cake_slice":4,"minecraft:leave_game":3,"minecraft:time_since_death":173832,"minecraft:climb_one_cm":6070,"minecraft:sprint_one_cm":499279,"minecraft:walk_one_cm":282296,"minecraft:damage_blocked_by_shield":65,"minecraft:drop":74,"minecraft:play_time":173832,"minecraft:sneak_time":9468,"minecraft:walk_under_water_one_cm":785,"minecraft:jump":2463,"minecraft:interact_with_brewingstand":4,"minecraft:walk_on_water_one_cm":4762,"minecraft:total_world_time":173832,"minecraft:interact_with_furnace":17,"minecraft:sleep_in_bed":12,"minecraft:time_since_rest":14656,"minecraft:damage_taken":2026,"minecraft:damage_dealt":6254,"minecraft:swim_one_cm":5052,"minecraft:fly_one_cm":624418,"minecraft:open_chest":73,"minecraft:crouch_one_cm":25749,"minecraft:interact_with_smoker":4,"minecraft:use_cauldron":1,"minecraft:fall_one_cm":82492},"minecraft:mined":{"minecraft:spruce_planks":7,"minecraft:oak_sapling":2,"minecraft:pink_bed":3,"minecraft:cherry_log":22,"minecraft:brewing_stand":1,"minecraft:grass_block":10,"minecraft:redstone_wire":1,"minecraft:potted_fern":1,"minecraft:large_fern":98,"minecraft:furnace":1,"minecraft:iron_ore":35,"minecraft:barrel":1,"minecraft:bookshelf":13,"minecraft:potatoes":1,"minecraft:flowering_azalea_leaves":5,"minecraft:vine":5,"minecraft:pink_tulip":1,"minecraft:azalea_leaves":24,"minecraft:bamboo":1,"minecraft:stone":99,"minecraft:blue_orchid":29,"minecraft:spruce_slab":41,"minecraft:potted_brown_mushroom":1,"minecraft:cherry_planks":3,"minecraft:smoker":1,"minecraft:dandelion":1,"minecraft:crafting_table":3,"minecraft:torch":1,"mysticaloaktree:wise_oak":1,"minecraft:dead_bush":7,"minecraft:tall_grass":22,"minecraft:cobblestone":1,"minecraft:cyan_bed":1,"minecraft:oak_planks":22,"minecraft:wall_torch":4,"minecraft:blue_bed":2,"minecraft:cauldron":1,"minecraft:pink_petals":2,"minecraft:spruce_stairs":18,"minecraft:birch_leaves":22,"minecraft:grass":119,"minecraft:oak_log":43,"minecraft:coal_ore":73,"minecraft:gravel":1,"minecraft:dirt":18,"minecraft:cobweb":16,"minecraft:spruce_fence_gate":1,"minecraft:oak_leaves":6,"minecraft:fern":42},"minecraft:picked_up":{"minecraft:crafting_table":3,"minecraft:splash_potion":1,"minecraft:flower_pot":2,"minecraft:brown_mushroom":1,"minecraft:potion":1,"minecraft:brewing_stand":1,"minecraft:string":21,"minecraft:iron_shovel":1,"minecraft:blue_orchid":29,"minecraft:spruce_planks":7,"minecraft:beef":20,"minecraft:azalea":1,"minecraft:iron_pickaxe":2,"minecraft:spruce_slab":36,"minecraft:furnace":1,"minecraft:raw_iron":35,"minecraft:stick":15,"minecraft:torch":5,"minecraft:spruce_stairs":17,"minecraft:porkchop":3,"minecraft:cherry_log":22,"minecraft:redstone":7,"minecraft:cauldron":1,"minecraft:arrow":6,"minecraft:rotten_flesh":6,"minecraft:pink_tulip":1,"minecraft:mutton":4,"minecraft:white_wool":5,"minecraft:cobblestone":97,"minecraft:birch_log":1,"minecraft:pink_petals":2,"minecraft:cherry_planks":3,"minecraft:black_bed":3,"minecraft:leather":6,"minecraft:fern":1,"minecraft:smoker":1,"minecraft:potato":10,"minecraft:oak_log":43,"minecraft:blue_bed":2,"minecraft:dirt":20,"minecraft:bone":6,"minecraft:wheat_seeds":28,"minecraft:iron_ingot":13,"minecraft:glowstone_dust":2,"minecraft:glass_bottle":2,"minecraft:bamboo":9,"minecraft:oak_planks":19,"minecraft:book":39,"minecraft:pink_bed":3,"minecraft:gravel":1,"minecraft:cyan_bed":1,"minecraft:spider_eye":6,"minecraft:barrel":1,"minecraft:spruce_fence_gate":1,"minecraft:sugar":7,"minecraft:slime_ball":6,"minecraft:cherry_sapling":2,"minecraft:emerald":4,"minecraft:bread":4,"minecraft:oak_sapling":7,"minecraft:coal":73}},"DataVersion":3465}