{"stats":{"minecraft:used":{"minecraft:azalea":6,"minecraft:cherry_sapling":2,"minecraft:stone_sword":17,"minecraft:spruce_slab":1,"minecraft:chest":10,"minecraft:spruce_planks":1,"minecraft:shield":2,"minecraft:iron_sword":190,"minecraft:cooked_salmon":8,"comforts:hammock_white":2,"minecraft:torch":52,"minecraft:brewing_stand":1,"minecraft:dirt":9,"minecraft:mutton":1,"minecraft:carrot":1,"minecraft:milk_bucket":1,"minecraft:flowering_azalea":1,"minecraft:lantern":4,"minecraft:iron_axe":486,"minecraft:blue_orchid":3,"minecraft:barrel":5,"minecraft:bamboo":1,"minecraft:bow":24,"minecraft:oak_sapling":8,"minecraft:furnace":3,"minecraft:potato":33,"minecraft:cooked_beef":20,"minecraft:wheat_seeds":9,"minecraft:cooked_mutton":1,"minecraft:water_bucket":40,"minecraft:stone_pickaxe":100,"minecraft:oak_planks":135,"minecraft:wooden_pickaxe":16,"minecraft:cherry_planks":3,"minecraft:blue_bed":1,"minecraft:spruce_fence_gate":1,"minecraft:oak_slab":112,"minecraft:crafting_table":6,"minecraft:white_bed":1,"minecraft:smoker":2,"minecraft:oak_log":45,"minecraft:cyan_bed":1,"minecraft:bread":15,"minecraft:iron_pickaxe":346,"comforts:rope_and_nail":4,"minecraft:stone_axe":133,"minecraft:pink_petals":2,"minecraft:pink_bed":8,"minecraft:cobblestone":54,"minecraft:turtle_helmet":1,"minecraft:bucket":40,"minecraft:bone_meal":31,"minecraft:splash_potion":2},"minecraft:killed":{"minecraft:witch":8,"minecraft:spider":4,"minecraft:skeleton":6,"minecraft:husk":2,"minecraft:pig":2,"minecraft:sheep":4,"minecraft:pillager":1,"minecraft:zombie":12,"creeperoverhaul:swamp_creeper":1,"friendsandfoes:moobloom":4,"minecraft:cow":6},"minecraft:crafted":{"hangglider:glider_framework":1,"minecraft:cherry_planks":88,"minecraft:oak_planks":244,"minecraft:barrel":2,"minecraft:iron_nugget":27,"minecraft:pink_bed":1,"hangglider:hang_glider":1,"minecraft:furnace":2,"minecraft:bone_meal":66,"hangglider:glider_wing":2,"comforts:hammock_white":1,"minecraft:pink_dye":1,"minecraft:cooked_mutton":1,"minecraft:lantern":3,"minecraft:iron_axe":2,"minecraft:stone_pickaxe":1,"minecraft:chest":7,"minecraft:turtle_helmet":1,"minecraft:cooked_beef":20,"minecraft:oak_slab":108,"minecraft:cooked_porkchop":3,"minecraft:crafting_table":2,"minecraft:wooden_pickaxe":1,"minecraft:iron_sword":1,"minecraft:cooked_salmon":23,"minecraft:bucket":1,"minecraft:stone_axe":1,"minecraft:air":0,"minecraft:shield":1,"comforts:rope_and_nail":2,"minecraft:stick":24,"minecraft:iron_ingot":21,"minecraft:iron_pickaxe":1,"minecraft:stone_sword":1,"minecraft:white_bed":1,"minecraft:torch":48},"minecraft:broken":{"minecraft:iron_axe":1,"minecraft:stone_axe":1,"minecraft:iron_pickaxe":1},"minecraft:dropped":{"minecraft:enchanted_book":1,"minecraft:iron_ingot":13,"minecraft:bread":1,"minecraft:brown_mushroom":1,"minecraft:wheat_seeds":26,"minecraft:glass_bottle":2,"minecraft:cobblestone":17,"minecraft:scute":1,"minecraft:black_bed":3,"minecraft:spruce_stairs":17,"minecraft:stick":1,"minecraft:dirt":1,"minecraft:torch":1,"minecraft:cooked_salmon":15,"minecraft:potion":3,"minecraft:iron_leggings":1,"minecraft:sugar":3,"minecraft:iron_pickaxe":4,"minecraft:iron_shovel":2,"minecraft:string":27,"minecraft:birch_log":1,"minecraft:bucket":1,"minecraft:cauldron":1,"minecraft:gravel":1,"hangglider:hang_glider":1,"minecraft:iron_nugget":3,"minecraft:stone_sword":1,"minecraft:obsidian":12,"minecraft:rotten_flesh":4,"minecraft:oak_planks":9,"minecraft:fern":1,"minecraft:glowstone_dust":2,"minecraft:name_tag":1,"patchouli:guide_book":1,"minecraft:flower_pot":2,"minecraft:spruce_planks":6,"minecraft:golden_leggings":1,"minecraft:spider_eye":6,"minecraft:spruce_slab":35,"minecraft:blue_orchid":26,"minecraft:wooden_pickaxe":1,"minecraft:stone_pickaxe":1},"minecraft:custom":{"minecraft:mob_kills":50,"minecraft:inspect_hopper":2,"minecraft:interact_with_crafting_table":36,"minecraft:open_barrel":49,"minecraft:eat_cake_slice":7,"minecraft:leave_game":3,"minecraft:time_since_death":209832,"minecraft:climb_one_cm":6392,"minecraft:damage_resisted":36,"minecraft:sprint_one_cm":586468,"minecraft:walk_one_cm":365346,"minecraft:damage_blocked_by_shield":65,"minecraft:drop":88,"minecraft:play_time":209832,"minecraft:sneak_time":12457,"minecraft:walk_under_water_one_cm":785,"minecraft:jump":2851,"minecraft:interact_with_brewingstand":4,"minecraft:walk_on_water_one_cm":7140,"minecraft:total_world_time":209832,"minecraft:interact_with_furnace":19,"minecraft:sleep_in_bed":17,"minecraft:time_since_rest":6592,"minecraft:damage_taken":2438,"minecraft:damage_dealt":7658,"minecraft:swim_one_cm":5052,"minecraft:fly_one_cm":714502,"minecraft:open_chest":97,"minecraft:crouch_one_cm":37934,"minecraft:interact_with_smoker":7,"minecraft:use_cauldron":1,"minecraft:fall_one_cm":94209},"minecraft:mined":{"minecraft:spruce_planks":7,"minecraft:oak_sapling":2,"minecraft:pink_bed":7,"comforts:rope_and_nail":2,"minecraft:cherry_log":22,"minecraft:brewing_stand":1,"minecraft:grass_block":10,"minecraft:redstone_wire":1,"minecraft:spawner":2,"minecraft:potted_fern":1,"minecraft:large_fern":102,"minecraft:furnace":1,"minecraft:iron_ore":35,"minecraft:barrel":3,"minecraft:bookshelf":18,"minecraft:potatoes":1,"minecraft:flowering_azalea_leaves":16,"minecraft:vine":7,"minecraft:lantern":1,"minecraft:pink_tulip":1,"minecraft:azalea_leaves":84,"minecraft:bamboo":1,"minecraft:stone":99,"minecraft:blue_orchid":29,"minecraft:spruce_slab":41,"minecraft:oak_slab":7,"minecraft:glass_pane":1,"minecraft:potted_brown_mushroom":1,"minecraft:cherry_planks":3,"minecraft:smoker":2,"minecraft:dandelion":1,"comforts:hammock_white":1,"minecraft:crafting_table":4,"minecraft:torch":1,"minecraft:blast_furnace":4,"minecraft:chest":3,"mysticaloaktree:wise_oak":1,"minecraft:dead_bush":8,"minecraft:tall_grass":22,"minecraft:cobblestone":7,"minecraft:cyan_bed":1,"minecraft:oak_planks":45,"minecraft:wall_torch":7,"minecraft:blue_bed":2,"minecraft:cauldron":1,"minecraft:pink_petals":2,"minecraft:spruce_stairs":18,"minecraft:birch_leaves":29,"minecraft:grass":130,"minecraft:oak_log":100,"minecraft:coal_ore":73,"minecraft:gravel":1,"minecraft:dirt":18,"minecraft:cobweb":16,"minecraft:spruce_fence_gate":1,"minecraft:oak_leaves":6,"minecraft:fern":45},"minecraft:picked_up":{"minecraft:crafting_table":4,"minecraft:splash_potion":2,"minecraft:flower_pot":2,"minecraft:brown_mushroom":1,"minecraft:enchanted_book":5,"minecraft:potion":6,"comforts:hammock_white":1,"minecraft:brewing_stand":1,"minecraft:string":75,"minecraft:iron_shovel":1,"minecraft:blue_orchid":29,"minecraft:spruce_planks":7,"minecraft:beef":20,"minecraft:azalea":6,"minecraft:iron_pickaxe":2,"minecraft:spruce_slab":36,"minecraft:chest":3,"minecraft:furnace":1,"minecraft:raw_iron":35,"minecraft:stick":31,"minecraft:torch":8,"minecraft:spruce_stairs":17,"minecraft:porkchop":3,"minecraft:cherry_log":22,"minecraft:redstone":27,"minecraft:cauldron":1,"minecraft:arrow":8,"minecraft:rotten_flesh":9,"minecraft:pink_tulip":1,"minecraft:saddle":1,"minecraft:obsidian":24,"minecraft:mutton":4,"minecraft:white_wool":5,"minecraft:cobblestone":103,"minecraft:birch_log":1,"minecraft:pink_petals":2,"minecraft:cherry_planks":3,"minecraft:black_bed":3,"minecraft:leather":8,"minecraft:fern":1,"minecraft:smoker":2,"minecraft:potato":10,"minecraft:oak_log":99,"minecraft:gunpowder":11,"minecraft:blue_bed":2,"minecraft:dirt":20,"minecraft:lantern":1,"minecraft:name_tag":2,"comforts:rope_and_nail":2,"minecraft:bone":7,"minecraft:wheat_seeds":34,"minecraft:iron_ingot":20,"minecraft:glowstone_dust":2,"minecraft:glass_bottle":2,"minecraft:bamboo":9,"minecraft:flowering_azalea":1,"minecraft:oak_planks":50,"minecraft:oak_slab":8,"minecraft:book":104,"minecraft:pink_bed":7,"minecraft:gravel":1,"minecraft:blast_furnace":4,"minecraft:cyan_bed":1,"minecraft:spider_eye":6,"minecraft:barrel":3,"minecraft:spruce_fence_gate":1,"minecraft:sugar":7,"minecraft:slime_ball":27,"minecraft:scute":2,"minecraft:cherry_sapling":2,"minecraft:emerald":16,"minecraft:bread":4,"minecraft:oak_sapling":7,"minecraft:coal":90}},"DataVersion":3465}