{"stats":{"minecraft:used":{"minecraft:cooked_mutton":2,"minecraft:stone_sword":49,"minecraft:cobblestone_stairs":15,"minecraft:stone_shovel":175,"minecraft:stone_pickaxe":262,"minecraft:wooden_pickaxe":52,"minecraft:iron_sword":6,"minecraft:cooked_salmon":2,"minecraft:stone_axe":36,"minecraft:torch":8,"minecraft:dirt":62,"minecraft:crafting_table":4,"minecraft:furnace":1,"minecraft:white_bed":1},"minecraft:killed":{"minecraft:sheep":1,"minecraft:pig":2,"minecraft:zombie":1,"minecraft:spider":1},"minecraft:crafted":{"minecraft:cherry_planks":28,"minecraft:stone_shovel":2,"minecraft:iron_axe":1,"minecraft:crafting_table":2,"minecraft:stick":24,"minecraft:iron_pickaxe":1,"minecraft:iron_ingot":13,"minecraft:wooden_pickaxe":1,"minecraft:stone_pickaxe":2,"minecraft:iron_sword":1,"minecraft:stone_sword":1,"minecraft:furnace":1,"minecraft:cobblestone_stairs":20,"minecraft:birch_planks":56,"minecraft:stone_axe":1,"minecraft:cooked_mutton":2},"minecraft:broken":{"minecraft:stone_pickaxe":2,"minecraft:stone_shovel":1},"minecraft:dropped":{"minecraft:white_wool":1},"minecraft:custom":{"minecraft:time_since_rest":10832,"minecraft:interact_with_furnace":20,"minecraft:sprint_one_cm":37171,"minecraft:damage_taken":255,"minecraft:walk_one_cm":79708,"minecraft:mob_kills":5,"minecraft:drop":1,"minecraft:damage_dealt":729,"minecraft:fly_one_cm":44293,"minecraft:interact_with_crafting_table":27,"minecraft:crouch_one_cm":5219,"minecraft:play_time":27781,"minecraft:sneak_time":2369,"minecraft:jump":269,"minecraft:leave_game":9,"minecraft:sleep_in_bed":1,"minecraft:time_since_death":27781,"minecraft:total_world_time":27781,"minecraft:fall_one_cm":6856},"minecraft:mined":{"minecraft:large_fern":2,"minecraft:white_bed":1,"minecraft:iron_ore":13,"minecraft:birch_log":15,"minecraft:cherry_log":7,"minecraft:crafting_table":2,"minecraft:torch":2,"minecraft:grass":14,"minecraft:coal_ore":15,"minecraft:grass_block":53,"minecraft:cherry_leaves":4,"minecraft:gravel":9,"minecraft:dirt":43,"minecraft:blue_orchid":1,"minecraft:stone":129,"minecraft:wall_torch":3,"minecraft:fern":2},"minecraft:picked_up":{"minecraft:raw_iron":13,"minecraft:crafting_table":2,"minecraft:torch":23,"minecraft:gravel":8,"minecraft:porkchop":4,"minecraft:flint":1,"minecraft:cherry_log":7,"minecraft:white_bed":1,"minecraft:shield":1,"minecraft:spider_eye":1,"minecraft:dirt":103,"minecraft:cooked_salmon":2,"minecraft:wheat_seeds":1,"minecraft:white_tulip":1,"minecraft:spruce_slab":2,"minecraft:pink_petals":6,"minecraft:coal":15,"minecraft:mutton":2,"minecraft:white_wool":1,"minecraft:cobblestone":136,"minecraft:birch_log":14}},"DataVersion":3465}