{"stats":{"minecraft:used":{"minecraft:cooked_mutton":2,"minecraft:stone_sword":49,"minecraft:cobblestone_stairs":15,"minecraft:iron_shovel":20,"minecraft:stone_pickaxe":262,"minecraft:stone_shovel":221,"minecraft:chest":3,"minecraft:shield":1,"minecraft:wooden_pickaxe":52,"minecraft:iron_sword":85,"minecraft:cooked_salmon":8,"minecraft:iron_chestplate":1,"minecraft:torch":12,"minecraft:dirt":71,"minecraft:crafting_table":4,"minecraft:white_bed":1,"minecraft:flower_pot":2,"minecraft:iron_axe":6,"minecraft:iron_pickaxe":496,"minecraft:stone_axe":62,"simplyswords:iron_scythe":5,"minecraft:cobblestone":56,"minecraft:furnace":5,"minecraft:cooked_porkchop":4,"minecraft:egg":2,"minecraft:cooked_beef":6},"minecraft:killed":{"minecraft:pig":2,"minecraft:witch":1,"minecraft:vindicator":1,"minecraft:spider":2,"minecraft:sheep":3,"minecraft:pillager":2,"minecraft:zombie":3,"minecraft:cow":3},"minecraft:crafted":{"minecraft:cooked_beef":9,"minecraft:cherry_planks":28,"minecraft:oak_planks":4,"minecraft:stone_shovel":2,"minecraft:cooked_porkchop":4,"minecraft:crafting_table":2,"minecraft:wooden_pickaxe":1,"minecraft:iron_sword":1,"minecraft:furnace":5,"minecraft:cobblestone_stairs":20,"minecraft:birch_planks":56,"minecraft:stone_axe":1,"minecraft:cooked_mutton":2,"simplyswords:iron_scythe":1,"minecraft:iron_chestplate":1,"minecraft:iron_axe":1,"minecraft:stick":24,"minecraft:iron_ingot":28,"minecraft:iron_pickaxe":1,"minecraft:stone_pickaxe":2,"minecraft:stone_sword":1,"minecraft:chest":2},"minecraft:broken":{"minecraft:stone_pickaxe":2,"minecraft:iron_pickaxe":1,"minecraft:stone_shovel":1},"minecraft:dropped":{"minecraft:golden_apple":1,"minecraft:white_wool":1},"minecraft:custom":{"minecraft:interact_with_furnace":53,"minecraft:mob_kills":17,"minecraft:interact_with_crafting_table":47,"minecraft:open_barrel":2,"minecraft:pot_flower":2,"minecraft:leave_game":9,"minecraft:time_since_death":93781,"minecraft:sleep_in_bed":9,"minecraft:climb_one_cm":707,"minecraft:time_since_rest":5558,"minecraft:sprint_one_cm":208254,"minecraft:damage_taken":1319,"minecraft:walk_one_cm":229360,"minecraft:damage_blocked_by_shield":60,"minecraft:drop":2,"minecraft:damage_dealt":3104,"minecraft:swim_one_cm":4507,"minecraft:fly_one_cm":281264,"minecraft:open_chest":27,"minecraft:crouch_one_cm":21538,"minecraft:play_time":93781,"minecraft:sneak_time":8822,"minecraft:walk_under_water_one_cm":1199,"minecraft:jump":1164,"minecraft:walk_on_water_one_cm":1466,"minecraft:interact_with_smoker":1,"minecraft:total_world_time":93781,"minecraft:fall_one_cm":26029},"minecraft:mined":{"minecraft:spruce_planks":8,"minecraft:white_bed":1,"minecraft:cobblestone_stairs":4,"minecraft:cherry_log":7,"minecraft:crafting_table":2,"minecraft:torch":3,"minecraft:calcite":6,"minecraft:grass_block":61,"minecraft:chest":1,"minecraft:campfire":1,"minecraft:glass":1,"minecraft:cobblestone":7,"minecraft:oak_planks":3,"minecraft:rooted_dirt":2,"minecraft:wall_torch":4,"minecraft:pink_petals":1,"minecraft:large_fern":3,"minecraft:magma_block":1,"minecraft:mud":15,"minecraft:birch_log":15,"minecraft:iron_ore":28,"minecraft:grass":19,"minecraft:mossy_stone_brick_stairs":2,"minecraft:pointed_dripstone":1,"minecraft:coal_ore":37,"minecraft:vine":2,"minecraft:cherry_leaves":4,"minecraft:gravel":10,"minecraft:sunflower":1,"minecraft:dripstone_block":7,"minecraft:dirt":53,"minecraft:cobweb":6,"minecraft:cracked_stone_bricks":2,"minecraft:potted_white_tulip":1,"minecraft:stone_bricks":1,"minecraft:stone":303,"minecraft:blue_orchid":1,"minecraft:mossy_stone_bricks":2,"minecraft:fern":3},"minecraft:picked_up":{"minecraft:birch_log":14,"minecraft:mud":13,"minecraft:pink_petals":7,"minecraft:crafting_table":2,"minecraft:flower_pot":2,"minecraft:leather":5,"minecraft:brown_mushroom":1,"minecraft:flint":2,"minecraft:oak_log":1,"minecraft:shield":1,"minecraft:cobblestone_stairs":4,"minecraft:string":3,"minecraft:dirt":121,"minecraft:cooked_salmon":8,"minecraft:iron_shovel":1,"minecraft:blue_orchid":4,"minecraft:stone_bricks":1,"minecraft:cracked_stone_bricks":2,"minecraft:wheat_seeds":5,"minecraft:spruce_planks":8,"minecraft:beef":9,"minecraft:white_tulip":2,"minecraft:calcite":4,"minecraft:mossy_stone_bricks":2,"minecraft:iron_pickaxe":1,"minecraft:spruce_slab":42,"minecraft:chest":1,"minecraft:oak_planks":3,"minecraft:mossy_stone_brick_stairs":2,"minecraft:egg":2,"minecraft:raw_iron":28,"minecraft:dripstone_block":3,"minecraft:torch":26,"minecraft:spruce_stairs":1,"minecraft:gravel":8,"minecraft:porkchop":4,"minecraft:cherry_log":7,"minecraft:white_bed":1,"minecraft:spider_eye":2,"minecraft:arrow":3,"minecraft:rotten_flesh":3,"minecraft:emerald":1,"minecraft:golden_apple":1,"minecraft:charcoal":2,"minecraft:magma_block":1,"minecraft:mutton":5,"minecraft:coal":37,"minecraft:white_wool":3,"minecraft:cobblestone":313,"minecraft:sunflower":1}},"DataVersion":3465}