{"stats":{"minecraft:used":{"minecraft:stone_sword":69,"minecraft:iron_shovel":124,"minecraft:redstone":2,"minecraft:spruce_slab":14,"minecraft:stone_shovel":221,"minecraft:chest":4,"minecraft:shield":5,"minecraft:iron_sword":120,"minecraft:cooked_chicken":2,"minecraft:cooked_salmon":8,"minecraft:iron_chestplate":1,"minecraft:torch":16,"minecraft:dirt":71,"minecraft:mutton":2,"minecraft:tuff":1,"minecraft:birch_door":5,"minecraft:iron_axe":192,"minecraft:stone_bricks":2,"simplyswords:iron_scythe":94,"minecraft:furnace":5,"minecraft:egg":2,"minecraft:cooked_beef":12,"another_furniture:birch_drawer":1,"minecraft:wheat_seeds":1,"minecraft:cooked_mutton":4,"minecraft:water_bucket":13,"minecraft:cobblestone_stairs":15,"minecraft:birch_planks":142,"minecraft:stone_pickaxe":552,"minecraft:wooden_pickaxe":52,"minecraft:redstone_block":2,"minecraft:crafting_table":4,"minecraft:white_bed":2,"minecraft:note_block":4,"minecraft:painting":11,"minecraft:smoker":2,"minecraft:oak_log":1,"minecraft:flower_pot":2,"minecraft:iron_pickaxe":1387,"minecraft:stone_axe":62,"minecraft:cobblestone":118,"minecraft:turtle_helmet":1,"minecraft:cooked_porkchop":8,"minecraft:birch_log":8,"minecraft:bucket":13,"ribbits:swamp_lantern":3},"minecraft:killed":{"minecraft:witch":1,"minecraft:spider":6,"minecraft:vindicator":1,"minecraft:skeleton":2,"minecraft:bee":1,"minecraft:chicken":2,"minecraft:pig":4,"minecraft:wandering_trader":1,"minecraft:sheep":4,"minecraft:trader_llama":2,"minecraft:pillager":2,"minecraft:zombie":9,"creeperoverhaul:swamp_creeper":1,"friendsandfoes:moobloom":5,"minecraft:enderman":1,"minecraft:cow":3},"minecraft:crafted":{"minecraft:cherry_planks":28,"minecraft:oak_planks":4,"minecraft:stone_shovel":2,"minecraft:cooked_chicken":2,"minecraft:birch_slab":6,"minecraft:furnace":5,"minecraft:cobblestone_stairs":20,"immersive_melodies:flute":1,"minecraft:cooked_mutton":4,"minecraft:iron_boots":1,"minecraft:iron_axe":1,"minecraft:stone_pickaxe":5,"minecraft:chest":3,"minecraft:birch_door":3,"minecraft:redstone_block":1,"another_furniture:birch_drawer":1,"minecraft:cooked_beef":12,"minecraft:cooked_porkchop":8,"minecraft:crafting_table":2,"minecraft:iron_helmet":1,"minecraft:wooden_pickaxe":1,"minecraft:iron_sword":1,"immersive_melodies:lute":1,"minecraft:birch_planks":244,"minecraft:stone_axe":1,"minecraft:painting":1,"torchesntrinkets:torch_belt":1,"simplyswords:iron_scythe":1,"minecraft:iron_chestplate":1,"minecraft:charcoal":1,"minecraft:stick":52,"minecraft:iron_ingot":50,"minecraft:iron_pickaxe":5,"minecraft:stone_sword":1},"minecraft:killed_by":{"minecraft:spider":1,"minecraft:skeleton":1},"minecraft:broken":{"minecraft:stone_pickaxe":4,"minecraft:iron_pickaxe":3,"minecraft:stone_shovel":1},"minecraft:dropped":{"immersive_melodies:lute":1,"minecraft:leather":3,"minecraft:golden_apple":1,"minecraft:stick":1,"minecraft:iron_pickaxe":1,"minecraft:white_wool":2,"simplyswords:runic_tablet":1,"immersive_melodies:flute":1},"minecraft:custom":{"minecraft:mob_kills":45,"minecraft:interact_with_crafting_table":101,"minecraft:open_barrel":24,"minecraft:leave_game":11,"minecraft:time_since_death":1705,"minecraft:climb_one_cm":26849,"minecraft:sprint_one_cm":416183,"minecraft:walk_one_cm":661471,"minecraft:damage_blocked_by_shield":240,"minecraft:drop":11,"minecraft:play_noteblock":11,"minecraft:talked_to_villager":2,"minecraft:play_time":230677,"minecraft:deaths":2,"minecraft:sneak_time":16381,"minecraft:walk_under_water_one_cm":1199,"minecraft:jump":2765,"minecraft:walk_on_water_one_cm":6411,"minecraft:total_world_time":230677,"minecraft:interact_with_furnace":88,"minecraft:tune_noteblock":94,"minecraft:pot_flower":2,"minecraft:sleep_in_bed":17,"minecraft:time_since_rest":1735,"minecraft:damage_taken":2634,"minecraft:damage_dealt":7623,"minecraft:swim_one_cm":4507,"minecraft:fly_one_cm":506402,"minecraft:open_chest":81,"minecraft:crouch_one_cm":40643,"minecraft:interact_with_smoker":2,"minecraft:fall_one_cm":53617},"minecraft:mined":{"minecraft:tuff":2,"minecraft:spruce_planks":8,"minecraft:white_bed":2,"minecraft:cherry_log":7,"minecraft:cobblestone_stairs":4,"minecraft:grass_block":72,"minecraft:redstone_wire":2,"minecraft:rooted_dirt":2,"minecraft:large_fern":8,"minecraft:magma_block":1,"minecraft:iron_ore":48,"minecraft:cobbled_deepslate":3,"minecraft:mossy_stone_brick_stairs":3,"minecraft:pointed_dripstone":1,"minecraft:deepslate_iron_ore":37,"minecraft:vine":12,"minecraft:stone":727,"minecraft:blue_orchid":1,"minecraft:spruce_slab":4,"minecraft:light_gray_carpet":1,"minecraft:redstone_block":2,"minecraft:smoker":2,"minecraft:powder_snow":2,"minecraft:oak_fence":1,"minecraft:crafting_table":2,"minecraft:torch":4,"minecraft:note_block":4,"minecraft:emerald_ore":2,"minecraft:calcite":6,"ribbits:swamp_lantern":3,"minecraft:chest":1,"minecraft:campfire":1,"minecraft:glass":1,"minecraft:copper_ore":9,"minecraft:cobblestone":47,"minecraft:oak_planks":3,"minecraft:wall_torch":7,"minecraft:pink_petals":2,"minecraft:birch_planks":2,"minecraft:mud":15,"minecraft:birch_log":80,"minecraft:birch_leaves":3,"minecraft:birch_door":2,"minecraft:grass":36,"minecraft:coal_ore":50,"minecraft:oak_log":1,"minecraft:cherry_leaves":4,"minecraft:gravel":18,"minecraft:sunflower":1,"minecraft:dripstone_block":18,"minecraft:dirt":102,"minecraft:cobweb":6,"minecraft:cracked_stone_bricks":2,"minecraft:potted_white_tulip":1,"minecraft:stone_bricks":4,"minecraft:mossy_stone_bricks":2,"minecraft:fern":6},"minecraft:picked_up":{"minecraft:charcoal":4,"minecraft:mud":13,"minecraft:crafting_table":2,"minecraft:iron_chestplate":1,"minecraft:birch_door":4,"minecraft:redstone_block":2,"minecraft:chicken":2,"minecraft:flower_pot":2,"minecraft:turtle_helmet":1,"minecraft:brown_mushroom":1,"minecraft:lead":2,"minecraft:enchanted_book":1,"minecraft:potion":1,"minecraft:shield":2,"minecraft:string":7,"immersive_melodies:lute":1,"minecraft:raw_copper":33,"minecraft:iron_axe":1,"minecraft:cooked_salmon":8,"minecraft:iron_leggings":1,"minecraft:iron_shovel":2,"minecraft:blue_orchid":4,"minecraft:cracked_stone_bricks":2,"minecraft:cobbled_deepslate":3,"simplyswords:runic_tablet":1,"minecraft:spruce_planks":8,"minecraft:beef":18,"minecraft:white_tulip":2,"minecraft:calcite":4,"minecraft:iron_pickaxe":2,"minecraft:spruce_slab":88,"minecraft:chest":1,"minecraft:egg":2,"minecraft:stick":1,"minecraft:raw_iron":85,"minecraft:oak_fence":1,"minecraft:torch":43,"minecraft:spruce_stairs":1,"minecraft:note_block":4,"minecraft:porkchop":8,"minecraft:cherry_log":7,"minecraft:redstone":2,"the_bumblezone:bee_stinger":1,"minecraft:arrow":8,"minecraft:rotten_flesh":12,"simplyswords:iron_scythe":1,"ribbits:swamp_lantern":3,"minecraft:gold_ingot":4,"minecraft:mutton":7,"minecraft:white_wool":5,"minecraft:cobblestone":942,"minecraft:birch_log":78,"minecraft:pink_petals":11,"minecraft:magma_block":1,"minecraft:feather":2,"minecraft:cooked_beef":1,"minecraft:water_bucket":1,"minecraft:leather":14,"minecraft:smoker":2,"minecraft:birch_planks":36,"minecraft:flint":3,"minecraft:tuff":2,"minecraft:oak_log":2,"minecraft:gunpowder":2,"minecraft:cobblestone_stairs":13,"minecraft:dirt":180,"minecraft:bone":2,"minecraft:apple":1,"minecraft:stone_bricks":4,"minecraft:wheat_seeds":7,"torchesntrinkets:torch_belt":1,"minecraft:iron_ingot":6,"minecraft:mossy_stone_bricks":2,"minecraft:iron_sword":2,"minecraft:oak_planks":5,"minecraft:mossy_stone_brick_stairs":2,"patchouli:guide_book":1,"minecraft:dripstone_block":11,"minecraft:gravel":16,"minecraft:white_bed":2,"minecraft:spider_eye":5,"minecraft:painting":10,"minecraft:golden_apple":2,"minecraft:emerald":13,"minecraft:coal":50,"minecraft:sunflower":1}},"DataVersion":3465}