{"stats":{"minecraft:used":{"minecraft:red_sand":2,"minecraft:stone_sword":76,"minecraft:iron_shovel":124,"minecraft:redstone":2,"minecraft:spruce_slab":15,"minecraft:stone_shovel":221,"minecraft:spruce_planks":6,"minecraft:chest":5,"minecraft:shield":5,"minecraft:iron_sword":123,"minecraft:player_head":1,"minecraft:cooked_chicken":2,"minecraft:cooked_salmon":8,"minecraft:iron_chestplate":1,"minecraft:torch":16,"minecraft:dirt":73,"minecraft:mutton":2,"minecraft:spruce_stairs":4,"minecraft:tuff":1,"minecraft:birch_door":5,"minecraft:dark_oak_planks":4,"minecraft:stripped_dark_oak_wood":1,"minecraft:iron_axe":196,"minecraft:iron_helmet":2,"minecraft:stone_bricks":2,"simplyswords:iron_scythe":94,"minecraft:mangrove_roots":1,"minecraft:furnace":5,"minecraft:egg":2,"minecraft:cooked_beef":19,"another_furniture:birch_drawer":1,"minecraft:iron_leggings":1,"minecraft:calcite":5,"minecraft:dark_oak_stairs":3,"minecraft:wheat_seeds":1,"minecraft:cooked_mutton":4,"minecraft:water_bucket":13,"minecraft:cobblestone_stairs":15,"minecraft:birch_planks":144,"minecraft:stone_pickaxe":580,"minecraft:wooden_pickaxe":52,"minecraft:redstone_block":2,"minecraft:stripped_mangrove_wood":3,"minecraft:crafting_table":5,"minecraft:white_bed":2,"minecraft:note_block":4,"minecraft:painting":24,"minecraft:smoker":2,"simplyswords:iron_greathammer":9,"minecraft:oak_log":1,"minecraft:flower_pot":2,"minecraft:iron_pickaxe":1391,"minecraft:stone_axe":102,"minecraft:cobblestone":144,"minecraft:turtle_helmet":1,"minecraft:cooked_porkchop":8,"minecraft:birch_log":8,"minecraft:bucket":13,"minecraft:coarse_dirt":2,"ribbits:swamp_lantern":3},"minecraft:killed":{"minecraft:witch":1,"minecraft:spider":6,"minecraft:vindicator":1,"minecraft:skeleton":2,"minecraft:bee":1,"minecraft:chicken":2,"minecraft:pig":4,"minecraft:wandering_trader":1,"minecraft:sheep":4,"minecraft:trader_llama":2,"minecraft:pillager":2,"minecraft:zombie":10,"creeperoverhaul:swamp_creeper":1,"friendsandfoes:moobloom":6,"minecraft:enderman":1,"minecraft:cow":3},"minecraft:crafted":{"minecraft:cherry_planks":28,"minecraft:oak_planks":4,"minecraft:stone_shovel":2,"minecraft:iron_nugget":9,"minecraft:cooked_chicken":2,"minecraft:birch_slab":6,"minecraft:furnace":5,"minecraft:cobblestone_stairs":20,"immersive_melodies:flute":1,"minecraft:cooked_mutton":4,"minecraft:iron_boots":1,"minecraft:iron_axe":1,"minecraft:stone_pickaxe":6,"minecraft:chest":4,"minecraft:birch_door":3,"minecraft:redstone_block":1,"another_furniture:birch_drawer":1,"minecraft:dark_oak_planks":8,"minecraft:cooked_beef":19,"minecraft:cooked_porkchop":8,"minecraft:crafting_table":3,"minecraft:spruce_planks":4,"minecraft:iron_helmet":1,"minecraft:wooden_pickaxe":1,"minecraft:iron_sword":1,"immersive_melodies:lute":1,"minecraft:birch_planks":244,"minecraft:stone_axe":2,"simplyswords:iron_greathammer":1,"minecraft:painting":1,"torchesntrinkets:torch_belt":1,"simplyswords:iron_scythe":1,"minecraft:iron_chestplate":1,"minecraft:charcoal":1,"minecraft:stick":56,"minecraft:iron_ingot":85,"minecraft:iron_pickaxe":5,"minecraft:stone_sword":1},"minecraft:killed_by":{"minecraft:spider":1,"minecraft:enderman":1,"minecraft:skeleton":2},"minecraft:broken":{"minecraft:stone_pickaxe":4,"minecraft:iron_pickaxe":3,"minecraft:stone_shovel":1},"minecraft:dropped":{"immersive_melodies:lute":1,"minecraft:leather":3,"minecraft:golden_apple":1,"minecraft:stick":1,"minecraft:iron_pickaxe":1,"minecraft:white_wool":2,"simplyswords:runic_tablet":1,"immersive_melodies:flute":1,"minecraft:filled_map":1,"minecraft:painting":1},"minecraft:custom":{"minecraft:mob_kills":48,"minecraft:interact_with_campfire":6,"minecraft:interact_with_crafting_table":113,"minecraft:open_barrel":27,"minecraft:leave_game":11,"minecraft:time_since_death":7524,"minecraft:climb_one_cm":26960,"minecraft:sprint_one_cm":513891,"minecraft:walk_one_cm":768455,"minecraft:damage_blocked_by_shield":240,"minecraft:drop":13,"minecraft:play_noteblock":11,"minecraft:talked_to_villager":2,"minecraft:play_time":272677,"minecraft:deaths":4,"minecraft:sneak_time":21248,"minecraft:walk_under_water_one_cm":1199,"minecraft:jump":3297,"minecraft:interact_with_blast_furnace":1,"minecraft:walk_on_water_one_cm":6816,"minecraft:total_world_time":272677,"minecraft:interact_with_furnace":103,"minecraft:tune_noteblock":95,"minecraft:pot_flower":2,"minecraft:sleep_in_bed":18,"minecraft:time_since_rest":7568,"minecraft:damage_taken":3601,"minecraft:damage_dealt":8329,"minecraft:swim_one_cm":4507,"minecraft:fly_one_cm":636137,"minecraft:open_chest":101,"minecraft:crouch_one_cm":56286,"minecraft:interact_with_smoker":2,"minecraft:fall_one_cm":73734},"minecraft:mined":{"minecraft:dark_oak_planks":1,"minecraft:tuff":2,"minecraft:spruce_planks":10,"minecraft:white_bed":2,"minecraft:cherry_log":7,"minecraft:cobblestone_stairs":4,"minecraft:mangrove_roots":1,"minecraft:red_sand":2,"minecraft:grass_block":74,"minecraft:redstone_wire":2,"minecraft:rooted_dirt":2,"minecraft:large_fern":8,"minecraft:magma_block":1,"minecraft:iron_ore":48,"minecraft:cobbled_deepslate":3,"minecraft:stripped_dark_oak_wood":2,"minecraft:dark_oak_stairs":3,"minecraft:mossy_stone_brick_stairs":3,"minecraft:pointed_dripstone":1,"minecraft:deepslate_iron_ore":37,"minecraft:vine":12,"minecraft:stripped_mangrove_wood":2,"minecraft:stone":729,"minecraft:blue_orchid":1,"minecraft:player_head":10,"minecraft:spruce_slab":4,"minecraft:light_gray_carpet":1,"minecraft:redstone_block":2,"minecraft:smoker":2,"minecraft:powder_snow":2,"minecraft:oak_fence":1,"minecraft:crafting_table":2,"minecraft:torch":4,"minecraft:note_block":4,"minecraft:emerald_ore":2,"minecraft:calcite":9,"ribbits:swamp_lantern":3,"minecraft:chest":1,"minecraft:campfire":1,"minecraft:glass":1,"minecraft:copper_ore":9,"minecraft:cobblestone":47,"minecraft:oak_planks":3,"minecraft:wall_torch":7,"minecraft:pink_petals":2,"minecraft:spruce_stairs":5,"minecraft:birch_planks":4,"minecraft:coarse_dirt":6,"minecraft:mud":15,"minecraft:birch_log":80,"minecraft:black_wall_banner":1,"minecraft:birch_leaves":3,"minecraft:birch_door":2,"minecraft:grass":36,"minecraft:coal_ore":50,"minecraft:oak_log":1,"minecraft:cherry_leaves":4,"minecraft:gravel":18,"minecraft:sunflower":1,"minecraft:dripstone_block":18,"minecraft:dirt":102,"minecraft:cobweb":6,"minecraft:cracked_stone_bricks":2,"minecraft:tripwire_hook":3,"minecraft:potted_white_tulip":1,"minecraft:stone_bricks":4,"minecraft:mossy_stone_bricks":2,"minecraft:piston":1,"minecraft:fern":6},"minecraft:picked_up":{"minecraft:coarse_dirt":6,"minecraft:charcoal":6,"minecraft:mud":13,"minecraft:crafting_table":2,"minecraft:iron_chestplate":3,"minecraft:birch_door":4,"minecraft:redstone_block":2,"minecraft:chicken":2,"minecraft:flower_pot":2,"minecraft:turtle_helmet":1,"minecraft:brown_mushroom":1,"minecraft:lead":2,"minecraft:enchanted_book":1,"minecraft:potion":1,"minecraft:shield":4,"minecraft:string":7,"immersive_melodies:lute":3,"minecraft:raw_copper":33,"minecraft:iron_axe":3,"minecraft:cooked_salmon":8,"minecraft:iron_leggings":4,"minecraft:iron_shovel":4,"minecraft:cyan_carpet":14,"minecraft:blue_orchid":4,"minecraft:red_sand":2,"minecraft:cracked_stone_bricks":2,"minecraft:cobbled_deepslate":9,"simplyswords:runic_tablet":1,"minecraft:spruce_planks":12,"minecraft:beef":25,"minecraft:white_tulip":2,"minecraft:player_head":19,"minecraft:calcite":10,"minecraft:iron_pickaxe":4,"minecraft:spruce_slab":152,"minecraft:chest":1,"minecraft:piston":2,"minecraft:iron_boots":2,"minecraft:egg":2,"minecraft:stick":15,"minecraft:raw_iron":120,"minecraft:stripped_mangrove_wood":3,"minecraft:oak_fence":1,"minecraft:torch":70,"minecraft:spruce_stairs":5,"minecraft:note_block":4,"minecraft:porkchop":8,"minecraft:cherry_log":7,"minecraft:redstone":2,"the_bumblezone:bee_stinger":1,"minecraft:dark_oak_planks":7,"minecraft:stone_sword":1,"minecraft:arrow":8,"minecraft:rotten_flesh":17,"simplyswords:iron_scythe":3,"minecraft:pumpkin_pie":3,"ribbits:swamp_lantern":3,"minecraft:black_banner":2,"minecraft:stripped_dark_oak_wood":4,"minecraft:mangrove_roots":1,"minecraft:gold_ingot":10,"minecraft:mutton":7,"minecraft:white_wool":5,"minecraft:cobblestone":1228,"minecraft:birch_log":94,"minecraft:pink_petals":11,"minecraft:magma_block":1,"minecraft:feather":2,"minecraft:cooked_beef":5,"minecraft:tripwire_hook":1,"minecraft:water_bucket":3,"minecraft:leather":20,"minecraft:smoker":2,"minecraft:filled_map":1,"minecraft:birch_planks":142,"minecraft:flint":3,"minecraft:tuff":3,"minecraft:oak_log":2,"minecraft:gunpowder":6,"minecraft:cobblestone_stairs":13,"minecraft:dirt":182,"minecraft:bone":2,"minecraft:apple":2,"minecraft:stone_bricks":4,"minecraft:wheat_seeds":7,"minecraft:stone_pickaxe":2,"torchesntrinkets:torch_belt":3,"minecraft:iron_ingot":57,"minecraft:mossy_stone_bricks":2,"minecraft:dark_oak_stairs":4,"minecraft:book":8,"minecraft:iron_sword":7,"minecraft:oak_planks":7,"minecraft:mossy_stone_brick_stairs":2,"patchouli:guide_book":1,"minecraft:dripstone_block":11,"minecraft:gravel":16,"minecraft:spruce_log":1,"minecraft:white_bed":2,"simplyswords:iron_greathammer":1,"minecraft:spider_eye":5,"scout:tanned_leather":6,"minecraft:stone_axe":1,"minecraft:soul_lantern":2,"minecraft:iron_helmet":2,"minecraft:painting":24,"minecraft:golden_apple":2,"minecraft:emerald":15,"minecraft:coal":54,"minecraft:sunflower":1}},"DataVersion":3465}