{"stats":{"minecraft:used":{"minecraft:stone_sword":49,"minecraft:iron_shovel":20,"minecraft:spruce_slab":9,"minecraft:stone_shovel":221,"minecraft:chest":3,"minecraft:shield":1,"minecraft:iron_sword":85,"minecraft:cooked_salmon":8,"minecraft:iron_chestplate":1,"minecraft:torch":13,"minecraft:dirt":71,"minecraft:mutton":2,"minecraft:birch_door":5,"minecraft:iron_axe":26,"simplyswords:iron_scythe":74,"minecraft:furnace":5,"minecraft:egg":2,"minecraft:cooked_beef":9,"another_furniture:birch_drawer":1,"minecraft:wheat_seeds":1,"minecraft:cooked_mutton":4,"minecraft:water_bucket":13,"minecraft:cobblestone_stairs":15,"minecraft:stone_pickaxe":262,"minecraft:wooden_pickaxe":52,"minecraft:crafting_table":4,"minecraft:white_bed":1,"minecraft:painting":11,"minecraft:oak_log":1,"minecraft:flower_pot":2,"minecraft:iron_pickaxe":1012,"minecraft:stone_axe":62,"minecraft:cobblestone":74,"minecraft:turtle_helmet":1,"minecraft:cooked_porkchop":4,"minecraft:bucket":13,"ribbits:swamp_lantern":3},"minecraft:killed":{"minecraft:witch":1,"minecraft:spider":6,"minecraft:vindicator":1,"minecraft:skeleton":1,"minecraft:chicken":2,"minecraft:pig":4,"minecraft:wandering_trader":1,"minecraft:sheep":4,"minecraft:trader_llama":2,"minecraft:pillager":2,"minecraft:zombie":3,"friendsandfoes:moobloom":1,"minecraft:cow":3},"minecraft:crafted":{"minecraft:cherry_planks":28,"minecraft:oak_planks":4,"minecraft:stone_shovel":2,"minecraft:birch_slab":6,"minecraft:furnace":5,"minecraft:cobblestone_stairs":20,"immersive_melodies:flute":1,"minecraft:cooked_mutton":4,"minecraft:iron_axe":1,"minecraft:stone_pickaxe":2,"minecraft:chest":2,"minecraft:birch_door":3,"another_furniture:birch_drawer":1,"minecraft:cooked_beef":9,"minecraft:cooked_porkchop":8,"minecraft:crafting_table":2,"minecraft:wooden_pickaxe":1,"minecraft:iron_sword":1,"immersive_melodies:lute":1,"minecraft:birch_planks":56,"minecraft:stone_axe":1,"minecraft:painting":1,"torchesntrinkets:torch_belt":1,"simplyswords:iron_scythe":1,"minecraft:iron_chestplate":1,"minecraft:stick":40,"minecraft:iron_ingot":28,"minecraft:iron_pickaxe":4,"minecraft:stone_sword":1},"minecraft:killed_by":{"minecraft:spider":1},"minecraft:broken":{"minecraft:stone_pickaxe":2,"minecraft:iron_pickaxe":3,"minecraft:stone_shovel":1},"minecraft:dropped":{"immersive_melodies:lute":1,"minecraft:golden_apple":1,"minecraft:stick":1,"minecraft:iron_pickaxe":1,"minecraft:white_wool":2,"immersive_melodies:flute":1},"minecraft:custom":{"minecraft:mob_kills":31,"minecraft:interact_with_crafting_table":81,"minecraft:open_barrel":24,"minecraft:leave_game":11,"minecraft:time_since_death":52250,"minecraft:climb_one_cm":3214,"minecraft:sprint_one_cm":275852,"minecraft:walk_one_cm":445881,"minecraft:damage_blocked_by_shield":60,"minecraft:drop":7,"minecraft:talked_to_villager":2,"minecraft:play_time":158677,"minecraft:deaths":1,"minecraft:sneak_time":10101,"minecraft:walk_under_water_one_cm":1199,"minecraft:jump":1496,"minecraft:walk_on_water_one_cm":6411,"minecraft:total_world_time":158677,"minecraft:interact_with_furnace":72,"minecraft:pot_flower":2,"minecraft:sleep_in_bed":14,"minecraft:time_since_rest":24676,"minecraft:damage_taken":1867,"minecraft:damage_dealt":5104,"minecraft:swim_one_cm":4507,"minecraft:fly_one_cm":326175,"minecraft:open_chest":51,"minecraft:crouch_one_cm":24262,"minecraft:interact_with_smoker":1,"minecraft:fall_one_cm":32150},"minecraft:mined":{"minecraft:spruce_planks":8,"minecraft:white_bed":1,"minecraft:cherry_log":7,"minecraft:cobblestone_stairs":4,"minecraft:grass_block":61,"minecraft:rooted_dirt":2,"minecraft:large_fern":7,"minecraft:magma_block":1,"minecraft:iron_ore":28,"minecraft:mossy_stone_brick_stairs":2,"minecraft:pointed_dripstone":1,"minecraft:vine":2,"minecraft:stone":515,"minecraft:blue_orchid":1,"minecraft:spruce_slab":3,"minecraft:light_gray_carpet":1,"minecraft:smoker":1,"minecraft:oak_fence":1,"minecraft:crafting_table":2,"minecraft:torch":3,"minecraft:calcite":6,"ribbits:swamp_lantern":3,"minecraft:chest":1,"minecraft:campfire":1,"minecraft:glass":1,"minecraft:copper_ore":4,"minecraft:cobblestone":14,"minecraft:oak_planks":3,"minecraft:wall_torch":6,"minecraft:pink_petals":1,"minecraft:mud":15,"minecraft:birch_log":15,"minecraft:birch_door":2,"minecraft:grass":30,"minecraft:coal_ore":50,"minecraft:oak_log":1,"minecraft:cherry_leaves":4,"minecraft:gravel":10,"minecraft:sunflower":1,"minecraft:dripstone_block":13,"minecraft:dirt":53,"minecraft:cobweb":6,"minecraft:cracked_stone_bricks":2,"minecraft:potted_white_tulip":1,"minecraft:stone_bricks":1,"minecraft:mossy_stone_bricks":2,"minecraft:fern":5},"minecraft:picked_up":{"minecraft:charcoal":4,"minecraft:mud":13,"minecraft:crafting_table":2,"minecraft:iron_chestplate":1,"minecraft:birch_door":4,"minecraft:chicken":2,"minecraft:flower_pot":2,"minecraft:turtle_helmet":1,"minecraft:brown_mushroom":1,"minecraft:lead":2,"minecraft:enchanted_book":1,"minecraft:potion":1,"minecraft:shield":2,"minecraft:string":7,"immersive_melodies:lute":1,"minecraft:raw_copper":17,"minecraft:iron_axe":1,"minecraft:cooked_salmon":8,"minecraft:iron_leggings":1,"minecraft:iron_shovel":2,"minecraft:blue_orchid":4,"minecraft:cracked_stone_bricks":2,"minecraft:spruce_planks":8,"minecraft:beef":12,"minecraft:white_tulip":2,"minecraft:calcite":4,"minecraft:iron_pickaxe":2,"minecraft:spruce_slab":87,"minecraft:chest":1,"minecraft:egg":2,"minecraft:stick":1,"minecraft:raw_iron":28,"minecraft:oak_fence":1,"minecraft:torch":37,"minecraft:spruce_stairs":1,"minecraft:porkchop":8,"minecraft:cherry_log":7,"minecraft:arrow":6,"minecraft:rotten_flesh":3,"simplyswords:iron_scythe":1,"ribbits:swamp_lantern":3,"minecraft:gold_ingot":4,"minecraft:mutton":7,"minecraft:white_wool":5,"minecraft:cobblestone":723,"minecraft:birch_log":14,"minecraft:pink_petals":7,"minecraft:magma_block":1,"minecraft:feather":2,"minecraft:cooked_beef":1,"minecraft:water_bucket":1,"minecraft:leather":8,"minecraft:smoker":1,"minecraft:birch_planks":34,"minecraft:flint":2,"minecraft:oak_log":2,"minecraft:cobblestone_stairs":13,"minecraft:dirt":121,"minecraft:bone":2,"minecraft:apple":1,"minecraft:stone_bricks":1,"minecraft:wheat_seeds":6,"torchesntrinkets:torch_belt":1,"minecraft:iron_ingot":6,"minecraft:mossy_stone_bricks":2,"minecraft:iron_sword":1,"minecraft:oak_planks":5,"minecraft:mossy_stone_brick_stairs":2,"patchouli:guide_book":1,"minecraft:dripstone_block":7,"minecraft:gravel":8,"minecraft:white_bed":1,"minecraft:spider_eye":5,"minecraft:painting":10,"minecraft:golden_apple":2,"minecraft:emerald":11,"minecraft:coal":50,"minecraft:sunflower":1}},"DataVersion":3465}