{"stats":{"minecraft:used":{"minecraft:cooked_mutton":2,"minecraft:stone_sword":49,"minecraft:cobblestone_stairs":15,"minecraft:stone_pickaxe":262,"minecraft:stone_shovel":221,"minecraft:chest":3,"minecraft:shield":1,"minecraft:wooden_pickaxe":52,"minecraft:iron_sword":33,"minecraft:cooked_salmon":5,"minecraft:iron_chestplate":1,"minecraft:torch":8,"minecraft:dirt":70,"minecraft:crafting_table":4,"minecraft:white_bed":1,"minecraft:iron_axe":6,"minecraft:iron_pickaxe":138,"minecraft:stone_axe":56,"minecraft:cobblestone":21,"minecraft:furnace":1},"minecraft:killed":{"minecraft:pig":2,"minecraft:spider":1,"minecraft:sheep":3,"minecraft:zombie":2,"minecraft:cow":3},"minecraft:crafted":{"minecraft:cherry_planks":28,"minecraft:stone_shovel":2,"minecraft:cooked_porkchop":4,"minecraft:crafting_table":2,"minecraft:wooden_pickaxe":1,"minecraft:iron_sword":1,"minecraft:furnace":1,"minecraft:cobblestone_stairs":20,"minecraft:birch_planks":56,"minecraft:stone_axe":1,"minecraft:cooked_mutton":2,"minecraft:iron_chestplate":1,"minecraft:iron_axe":1,"minecraft:stick":24,"minecraft:iron_ingot":24,"minecraft:iron_pickaxe":1,"minecraft:stone_pickaxe":2,"minecraft:stone_sword":1,"minecraft:chest":2},"minecraft:broken":{"minecraft:stone_pickaxe":2,"minecraft:stone_shovel":1},"minecraft:dropped":{"minecraft:white_wool":1},"minecraft:custom":{"minecraft:interact_with_furnace":30,"minecraft:mob_kills":11,"minecraft:interact_with_crafting_table":33,"minecraft:open_barrel":1,"minecraft:leave_game":9,"minecraft:time_since_death":45781,"minecraft:sleep_in_bed":2,"minecraft:climb_one_cm":529,"minecraft:time_since_rest":9756,"minecraft:sprint_one_cm":102585,"minecraft:damage_taken":305,"minecraft:walk_one_cm":126177,"minecraft:damage_blocked_by_shield":60,"minecraft:drop":1,"minecraft:damage_dealt":1569,"minecraft:fly_one_cm":138153,"minecraft:open_chest":9,"minecraft:crouch_one_cm":13747,"minecraft:play_time":45781,"minecraft:sneak_time":5098,"minecraft:jump":609,"minecraft:total_world_time":45781,"minecraft:fall_one_cm":15816},"minecraft:mined":{"minecraft:spruce_planks":8,"minecraft:white_bed":1,"minecraft:cobblestone_stairs":4,"minecraft:cherry_log":7,"minecraft:crafting_table":2,"minecraft:torch":2,"minecraft:grass_block":61,"minecraft:chest":1,"minecraft:cobblestone":6,"minecraft:oak_planks":1,"minecraft:rooted_dirt":2,"minecraft:wall_torch":3,"minecraft:pink_petals":1,"minecraft:large_fern":3,"minecraft:mud":15,"minecraft:birch_log":15,"minecraft:iron_ore":28,"minecraft:grass":16,"minecraft:mossy_stone_brick_stairs":2,"minecraft:coal_ore":15,"minecraft:vine":2,"minecraft:cherry_leaves":4,"minecraft:gravel":9,"minecraft:sunflower":1,"minecraft:dirt":44,"minecraft:cobweb":3,"minecraft:cracked_stone_bricks":2,"minecraft:stone_bricks":1,"minecraft:stone":163,"minecraft:blue_orchid":1,"minecraft:mossy_stone_bricks":2,"minecraft:fern":3},"minecraft:picked_up":{"minecraft:birch_log":14,"minecraft:mud":13,"minecraft:pink_petals":7,"minecraft:crafting_table":2,"minecraft:leather":5,"minecraft:flint":1,"minecraft:shield":1,"minecraft:cobblestone_stairs":4,"minecraft:string":2,"minecraft:dirt":112,"minecraft:cooked_salmon":8,"minecraft:iron_shovel":1,"minecraft:blue_orchid":3,"minecraft:stone_bricks":1,"minecraft:cracked_stone_bricks":2,"minecraft:wheat_seeds":1,"minecraft:spruce_planks":8,"minecraft:beef":9,"minecraft:white_tulip":1,"minecraft:mossy_stone_bricks":2,"minecraft:iron_pickaxe":1,"minecraft:spruce_slab":2,"minecraft:chest":1,"minecraft:oak_planks":1,"minecraft:mossy_stone_brick_stairs":2,"minecraft:egg":2,"minecraft:raw_iron":28,"minecraft:torch":24,"minecraft:gravel":8,"minecraft:porkchop":4,"minecraft:cherry_log":7,"minecraft:white_bed":1,"minecraft:spider_eye":1,"minecraft:rotten_flesh":2,"minecraft:mutton":5,"minecraft:coal":15,"minecraft:white_wool":3,"minecraft:cobblestone":176,"minecraft:sunflower":1}},"DataVersion":3465}