{"stats":{"minecraft:used":{"minecraft:stone_sword":5,"minecraft:cobblestone_stairs":15,"minecraft:stone_shovel":40,"minecraft:stone_pickaxe":171,"minecraft:wooden_pickaxe":52,"minecraft:cooked_salmon":1,"minecraft:stone_axe":2,"minecraft:torch":5,"minecraft:dirt":22,"minecraft:crafting_table":3},"minecraft:killed":{"minecraft:zombie":1},"minecraft:crafted":{"minecraft:cherry_planks":28,"minecraft:stone_shovel":1,"minecraft:crafting_table":2,"minecraft:stick":16,"minecraft:wooden_pickaxe":1,"minecraft:stone_pickaxe":2,"minecraft:stone_sword":1,"minecraft:cobblestone_stairs":20,"minecraft:stone_axe":1},"minecraft:broken":{"minecraft:stone_pickaxe":1},"minecraft:custom":{"minecraft:time_since_rest":15781,"minecraft:sprint_one_cm":10537,"minecraft:damage_taken":85,"minecraft:walk_one_cm":46018,"minecraft:mob_kills":1,"minecraft:damage_dealt":241,"minecraft:fly_one_cm":13524,"minecraft:interact_with_crafting_table":17,"minecraft:crouch_one_cm":1548,"minecraft:play_time":15781,"minecraft:sneak_time":910,"minecraft:jump":101,"minecraft:leave_game":9,"minecraft:time_since_death":15781,"minecraft:total_world_time":15781,"minecraft:fall_one_cm":3153},"minecraft:mined":{"minecraft:cherry_log":7,"minecraft:crafting_table":1,"minecraft:torch":1,"minecraft:grass":1,"minecraft:grass_block":7,"minecraft:cherry_leaves":4,"minecraft:gravel":3,"minecraft:dirt":25,"minecraft:stone":111,"minecraft:wall_torch":3},"minecraft:picked_up":{"minecraft:crafting_table":1,"minecraft:torch":22,"minecraft:gravel":3,"minecraft:cherry_log":7,"minecraft:shield":1,"minecraft:dirt":41,"minecraft:cooked_salmon":2,"minecraft:cobblestone":118}},"DataVersion":3465}