{"stats":{"minecraft:crafted":{"minecraft:crafting_table":1,"minecraft:cherry_planks":28},"minecraft:custom":{"minecraft:jump":52,"minecraft:time_since_rest":3781,"minecraft:sprint_one_cm":5632,"minecraft:crouch_one_cm":494,"minecraft:damage_taken":40,"minecraft:leave_game":9,"minecraft:play_time":3781,"minecraft:time_since_death":3781,"minecraft:walk_one_cm":9277,"minecraft:sneak_time":331,"minecraft:total_world_time":3781,"minecraft:fall_one_cm":1913,"minecraft:fly_one_cm":6456},"minecraft:mined":{"minecraft:grass":1,"minecraft:cherry_log":7,"minecraft:cherry_leaves":4},"minecraft:picked_up":{"minecraft:cherry_log":7}},"DataVersion":3465}