{"stats":{"minecraft:used":{"minecraft:stone_sword":76,"minecraft:red_sand":2,"minecraft:iron_shovel":153,"minecraft:spruce_slab":15,"minecraft:stone_shovel":221,"minecraft:redstone":2,"minecraft:chest":5,"minecraft:spruce_planks":6,"minecraft:shield":5,"minecraft:iron_sword":160,"minecraft:player_head":16,"minecraft:cooked_chicken":2,"minecraft:cooked_salmon":8,"minecraft:iron_chestplate":2,"minecraft:torch":26,"minecraft:dirt":73,"minecraft:mutton":2,"minecraft:spruce_stairs":4,"minecraft:tuff":1,"minecraft:birch_door":9,"minecraft:dark_oak_planks":4,"minecraft:stripped_dark_oak_wood":1,"minecraft:iron_axe":242,"minecraft:iron_helmet":3,"minecraft:iron_boots":1,"minecraft:stone_bricks":2,"simplyswords:iron_scythe":101,"minecraft:mangrove_roots":1,"minecraft:furnace":5,"minecraft:egg":2,"minecraft:cooked_beef":23,"another_furniture:birch_drawer":1,"minecraft:iron_leggings":2,"minecraft:calcite":5,"minecraft:cooked_mutton":4,"minecraft:wheat_seeds":6,"minecraft:dark_oak_stairs":3,"minecraft:water_bucket":14,"minecraft:cobblestone_stairs":24,"minecraft:birch_planks":245,"minecraft:stone_pickaxe":666,"minecraft:baked_potato":2,"minecraft:wooden_pickaxe":52,"minecraft:redstone_block":2,"minecraft:stripped_mangrove_wood":3,"minecraft:crafting_table":5,"minecraft:birch_sign":3,"minecraft:black_banner":2,"minecraft:white_bed":2,"minecraft:note_block":4,"minecraft:painting":25,"minecraft:smoker":2,"minecraft:oak_log":1,"simplyswords:iron_greathammer":36,"minecraft:flower_pot":2,"minecraft:birch_slab":6,"minecraft:iron_pickaxe":1933,"minecraft:cyan_carpet":11,"minecraft:soul_lantern":3,"minecraft:stone_axe":116,"minecraft:cobblestone":152,"minecraft:turtle_helmet":1,"minecraft:cooked_porkchop":8,"minecraft:bucket":14,"minecraft:birch_log":8,"minecraft:coarse_dirt":2,"ribbits:swamp_lantern":10},"minecraft:killed":{"minecraft:witch":4,"minecraft:spider":7,"minecraft:vindicator":1,"minecraft:skeleton":4,"minecraft:bee":1,"minecraft:chicken":2,"minecraft:pig":4,"minecraft:wandering_trader":1,"minecraft:sheep":4,"minecraft:trader_llama":2,"minecraft:pillager":2,"minecraft:zombie":12,"creeperoverhaul:swamp_creeper":1,"friendsandfoes:moobloom":10,"minecraft:enderman":1,"minecraft:cow":3},"minecraft:crafted":{"minecraft:cherry_planks":28,"minecraft:oak_planks":4,"minecraft:stone_shovel":2,"minecraft:iron_nugget":9,"minecraft:cooked_chicken":2,"minecraft:birch_slab":12,"minecraft:furnace":5,"minecraft:cobblestone_stairs":32,"immersive_melodies:flute":2,"minecraft:cooked_mutton":4,"minecraft:iron_boots":1,"minecraft:iron_axe":2,"minecraft:stone_pickaxe":6,"minecraft:chest":4,"minecraft:birch_door":6,"minecraft:redstone_block":1,"another_furniture:birch_drawer":1,"minecraft:dark_oak_planks":8,"minecraft:birch_sign":3,"minecraft:cooked_beef":31,"minecraft:cooked_porkchop":8,"minecraft:crafting_table":3,"minecraft:spruce_planks":4,"minecraft:iron_helmet":1,"minecraft:wooden_pickaxe":1,"minecraft:baked_potato":57,"minecraft:iron_sword":1,"immersive_melodies:lute":1,"minecraft:birch_planks":304,"minecraft:stone_axe":2,"minecraft:painting":1,"simplyswords:iron_greathammer":1,"torchesntrinkets:torch_belt":1,"simplyswords:iron_scythe":1,"minecraft:iron_chestplate":1,"minecraft:charcoal":1,"minecraft:stick":68,"minecraft:iron_ingot":85,"minecraft:iron_pickaxe":7,"minecraft:stone_sword":1},"minecraft:killed_by":{"minecraft:spider":1,"minecraft:enderman":1,"minecraft:skeleton":2},"minecraft:broken":{"minecraft:stone_pickaxe":4,"minecraft:iron_pickaxe":4,"minecraft:stone_shovel":1},"minecraft:dropped":{"minecraft:wheat_seeds":2,"minecraft:mangrove_propagule":1,"immersive_melodies:lute":1,"minecraft:leather":3,"minecraft:golden_apple":1,"minecraft:stick":1,"minecraft:iron_pickaxe":1,"minecraft:pink_petals":64,"minecraft:iron_shovel":7,"minecraft:white_wool":2,"minecraft:white_tulip":1,"simplyswords:runic_tablet":1,"minecraft:player_head":1,"immersive_melodies:flute":4,"minecraft:glowstone_dust":1,"minecraft:filled_map":1,"minecraft:potato":1,"minecraft:painting":1},"minecraft:custom":{"minecraft:mob_kills":60,"minecraft:interact_with_crafting_table":126,"minecraft:open_barrel":28,"minecraft:interact_with_campfire":6,"minecraft:leave_game":12,"minecraft:time_since_death":76753,"minecraft:climb_one_cm":28071,"minecraft:sprint_one_cm":625610,"minecraft:walk_one_cm":1025493,"minecraft:damage_blocked_by_shield":240,"minecraft:drop":30,"minecraft:play_noteblock":11,"minecraft:talked_to_villager":2,"minecraft:play_time":341906,"minecraft:deaths":4,"minecraft:sneak_time":23690,"minecraft:walk_under_water_one_cm":1994,"minecraft:jump":3872,"minecraft:interact_with_blast_furnace":1,"minecraft:walk_on_water_one_cm":10944,"minecraft:total_world_time":341906,"minecraft:interact_with_furnace":122,"minecraft:tune_noteblock":95,"minecraft:pot_flower":2,"minecraft:sleep_in_bed":22,"minecraft:time_since_rest":17807,"minecraft:damage_taken":3804,"minecraft:damage_dealt":10668,"minecraft:swim_one_cm":4507,"minecraft:fly_one_cm":793338,"minecraft:open_chest":146,"minecraft:crouch_one_cm":61556,"minecraft:interact_with_smoker":2,"minecraft:fall_one_cm":90253},"minecraft:mined":{"minecraft:dark_oak_planks":2,"minecraft:tuff":2,"minecraft:spruce_planks":10,"minecraft:white_bed":2,"minecraft:cobblestone_stairs":8,"minecraft:cherry_log":7,"minecraft:mangrove_roots":1,"minecraft:red_sand":2,"minecraft:grass_block":74,"minecraft:redstone_wire":2,"minecraft:rooted_dirt":2,"minecraft:large_fern":8,"minecraft:magma_block":1,"minecraft:iron_ore":56,"minecraft:cobbled_deepslate":3,"minecraft:stripped_dark_oak_wood":2,"minecraft:peony":1,"minecraft:dark_oak_stairs":4,"minecraft:mossy_stone_brick_stairs":3,"minecraft:pointed_dripstone":1,"minecraft:deepslate_iron_ore":37,"minecraft:vine":12,"minecraft:stone":1012,"minecraft:blue_orchid":1,"minecraft:stripped_mangrove_wood":2,"minecraft:player_head":13,"minecraft:spruce_slab":4,"minecraft:light_gray_carpet":1,"minecraft:redstone_block":2,"minecraft:player_wall_head":4,"minecraft:smoker":2,"minecraft:soul_lantern":2,"minecraft:powder_snow":2,"minecraft:oak_fence":1,"minecraft:crafting_table":2,"minecraft:torch":4,"minecraft:note_block":4,"minecraft:emerald_ore":2,"minecraft:calcite":9,"ribbits:swamp_lantern":10,"minecraft:chest":1,"minecraft:campfire":1,"minecraft:glass":1,"minecraft:cobblestone":50,"minecraft:copper_ore":9,"minecraft:sugar_cane":2,"minecraft:oak_planks":3,"minecraft:wall_torch":8,"minecraft:pink_petals":2,"minecraft:spruce_stairs":5,"minecraft:birch_planks":24,"minecraft:coarse_dirt":7,"minecraft:mud":15,"minecraft:birch_log":87,"minecraft:wheat":5,"minecraft:black_wall_banner":1,"minecraft:birch_leaves":3,"minecraft:birch_door":3,"minecraft:grass":39,"minecraft:oak_log":1,"minecraft:coal_ore":50,"minecraft:cyan_carpet":4,"minecraft:sunflower":1,"minecraft:cherry_leaves":4,"minecraft:gravel":18,"minecraft:dripstone_block":18,"minecraft:dirt":102,"minecraft:cobweb":6,"minecraft:cracked_stone_bricks":2,"minecraft:tripwire_hook":3,"minecraft:potted_white_tulip":1,"minecraft:stone_bricks":4,"minecraft:mossy_stone_bricks":2,"minecraft:piston":1,"minecraft:fern":6},"minecraft:picked_up":{"minecraft:mud":13,"minecraft:charcoal":6,"minecraft:birch_door":5,"minecraft:iron_chestplate":3,"minecraft:crafting_table":2,"minecraft:coarse_dirt":7,"minecraft:redstone_block":2,"minecraft:chicken":2,"minecraft:flower_pot":2,"minecraft:turtle_helmet":1,"minecraft:lead":2,"minecraft:brown_mushroom":1,"minecraft:potion":1,"minecraft:enchanted_book":1,"minecraft:shield":4,"minecraft:string":7,"minecraft:raw_copper":33,"immersive_melodies:lute":3,"minecraft:iron_axe":3,"minecraft:cooked_salmon":8,"minecraft:iron_leggings":4,"minecraft:iron_shovel":8,"minecraft:cyan_carpet":18,"minecraft:blue_orchid":4,"minecraft:cracked_stone_bricks":2,"simplyswords:runic_tablet":1,"minecraft:red_sand":2,"minecraft:cobbled_deepslate":9,"minecraft:spruce_planks":12,"minecraft:beef":37,"minecraft:white_tulip":4,"minecraft:player_head":26,"minecraft:calcite":10,"minecraft:iron_pickaxe":4,"minecraft:spruce_slab":152,"minecraft:chest":1,"minecraft:piston":2,"minecraft:iron_boots":2,"minecraft:egg":2,"minecraft:stick":17,"minecraft:raw_iron":128,"minecraft:stripped_mangrove_wood":3,"minecraft:oak_fence":1,"minecraft:torch":73,"minecraft:spruce_stairs":5,"minecraft:note_block":4,"minecraft:porkchop":8,"minecraft:cherry_log":7,"minecraft:carrot":1,"minecraft:redstone":2,"the_bumblezone:bee_stinger":1,"minecraft:dark_oak_planks":8,"minecraft:stone_sword":1,"minecraft:arrow":12,"minecraft:rotten_flesh":20,"simplyswords:iron_scythe":3,"minecraft:pumpkin_pie":3,"ribbits:swamp_lantern":10,"minecraft:peony":2,"minecraft:stripped_dark_oak_wood":4,"minecraft:gold_ingot":10,"minecraft:mangrove_roots":1,"minecraft:black_banner":3,"immersive_melodies:flute":2,"minecraft:mutton":7,"minecraft:white_wool":5,"minecraft:cobblestone":1514,"minecraft:birch_log":101,"minecraft:pink_petals":139,"minecraft:magma_block":1,"minecraft:feather":2,"minecraft:cooked_beef":5,"minecraft:tripwire_hook":1,"minecraft:water_bucket":3,"minecraft:leather":25,"minecraft:potato":1,"minecraft:smoker":2,"minecraft:birch_planks":162,"minecraft:filled_map":1,"minecraft:flint":3,"minecraft:tuff":3,"minecraft:oak_log":2,"minecraft:cobblestone_stairs":17,"minecraft:gunpowder":8,"minecraft:dirt":182,"minecraft:bone":6,"minecraft:apple":2,"minecraft:stone_bricks":4,"minecraft:wheat_seeds":14,"minecraft:stone_pickaxe":2,"minecraft:iron_ingot":57,"torchesntrinkets:torch_belt":3,"minecraft:glowstone_dust":1,"minecraft:mossy_stone_bricks":2,"minecraft:mossy_stone_brick_stairs":2,"minecraft:oak_planks":7,"minecraft:iron_sword":7,"minecraft:dark_oak_stairs":5,"minecraft:book":8,"patchouli:guide_book":1,"minecraft:gravel":16,"minecraft:dripstone_block":11,"minecraft:white_bed":2,"minecraft:spruce_log":1,"simplyswords:iron_greathammer":1,"minecraft:spider_eye":8,"scout:tanned_leather":6,"minecraft:soul_lantern":4,"minecraft:stone_axe":1,"minecraft:iron_helmet":2,"minecraft:painting":25,"minecraft:golden_apple":2,"minecraft:emerald":19,"minecraft:mangrove_propagule":1,"minecraft:coal":54,"minecraft:sunflower":1}},"DataVersion":3465}