{"stats":{"minecraft:used":{"minecraft:stone_sword":49,"minecraft:iron_shovel":20,"minecraft:stone_shovel":221,"minecraft:chest":3,"minecraft:shield":1,"minecraft:iron_sword":85,"minecraft:cooked_salmon":8,"minecraft:iron_chestplate":1,"minecraft:torch":13,"minecraft:dirt":71,"minecraft:birch_door":2,"minecraft:iron_axe":12,"simplyswords:iron_scythe":35,"minecraft:furnace":5,"minecraft:egg":2,"minecraft:cooked_beef":9,"minecraft:cooked_mutton":2,"minecraft:cobblestone_stairs":15,"minecraft:stone_pickaxe":262,"minecraft:wooden_pickaxe":52,"minecraft:crafting_table":4,"minecraft:white_bed":1,"minecraft:painting":11,"minecraft:flower_pot":2,"minecraft:iron_pickaxe":662,"minecraft:stone_axe":62,"minecraft:cobblestone":64,"minecraft:turtle_helmet":1,"minecraft:cooked_porkchop":4},"minecraft:killed":{"minecraft:witch":1,"minecraft:spider":6,"minecraft:vindicator":1,"minecraft:pig":2,"minecraft:sheep":3,"minecraft:pillager":2,"minecraft:zombie":3,"minecraft:cow":3},"minecraft:crafted":{"minecraft:cherry_planks":28,"minecraft:oak_planks":4,"minecraft:stone_shovel":2,"minecraft:furnace":5,"minecraft:cobblestone_stairs":20,"immersive_melodies:flute":1,"minecraft:cooked_mutton":2,"minecraft:iron_axe":1,"minecraft:stone_pickaxe":2,"minecraft:chest":2,"minecraft:birch_door":3,"minecraft:cooked_beef":9,"minecraft:cooked_porkchop":4,"minecraft:crafting_table":2,"minecraft:wooden_pickaxe":1,"minecraft:iron_sword":1,"immersive_melodies:lute":1,"minecraft:birch_planks":56,"minecraft:stone_axe":1,"minecraft:painting":1,"torchesntrinkets:torch_belt":1,"simplyswords:iron_scythe":1,"minecraft:iron_chestplate":1,"minecraft:stick":40,"minecraft:iron_ingot":28,"minecraft:iron_pickaxe":2,"minecraft:stone_sword":1},"minecraft:killed_by":{"minecraft:spider":1},"minecraft:broken":{"minecraft:stone_pickaxe":2,"minecraft:iron_pickaxe":2,"minecraft:stone_shovel":1},"minecraft:dropped":{"minecraft:golden_apple":1,"minecraft:white_wool":1,"immersive_melodies:flute":1},"minecraft:custom":{"minecraft:mob_kills":21,"minecraft:interact_with_crafting_table":67,"minecraft:open_barrel":2,"minecraft:leave_game":9,"minecraft:time_since_death":11354,"minecraft:climb_one_cm":847,"minecraft:sprint_one_cm":226222,"minecraft:walk_one_cm":286056,"minecraft:damage_blocked_by_shield":60,"minecraft:drop":3,"minecraft:play_time":117781,"minecraft:deaths":1,"minecraft:sneak_time":9243,"minecraft:walk_under_water_one_cm":1199,"minecraft:jump":1240,"minecraft:walk_on_water_one_cm":1466,"minecraft:total_world_time":117781,"minecraft:interact_with_furnace":53,"minecraft:pot_flower":2,"minecraft:sleep_in_bed":9,"minecraft:time_since_rest":11383,"minecraft:damage_taken":1789,"minecraft:damage_dealt":3727,"minecraft:swim_one_cm":4507,"minecraft:fly_one_cm":295630,"minecraft:open_chest":33,"minecraft:crouch_one_cm":22315,"minecraft:interact_with_smoker":1,"minecraft:fall_one_cm":27767},"minecraft:mined":{"minecraft:white_bed":1,"minecraft:spruce_planks":8,"minecraft:cherry_log":7,"minecraft:cobblestone_stairs":4,"minecraft:grass_block":61,"minecraft:rooted_dirt":2,"minecraft:large_fern":6,"minecraft:magma_block":1,"minecraft:iron_ore":28,"minecraft:mossy_stone_brick_stairs":2,"minecraft:pointed_dripstone":1,"minecraft:vine":2,"minecraft:blue_orchid":1,"minecraft:stone":369,"minecraft:crafting_table":2,"minecraft:torch":3,"minecraft:calcite":6,"minecraft:chest":1,"minecraft:campfire":1,"minecraft:glass":1,"minecraft:cobblestone":13,"minecraft:oak_planks":3,"minecraft:wall_torch":5,"minecraft:pink_petals":1,"minecraft:mud":15,"minecraft:birch_log":15,"minecraft:birch_door":1,"minecraft:grass":28,"minecraft:coal_ore":37,"minecraft:cherry_leaves":4,"minecraft:sunflower":1,"minecraft:gravel":10,"minecraft:dripstone_block":7,"minecraft:dirt":53,"minecraft:cobweb":6,"minecraft:cracked_stone_bricks":2,"minecraft:potted_white_tulip":1,"minecraft:stone_bricks":1,"minecraft:mossy_stone_bricks":2,"minecraft:fern":5},"minecraft:picked_up":{"minecraft:charcoal":4,"minecraft:birch_door":3,"minecraft:mud":13,"minecraft:iron_chestplate":1,"minecraft:crafting_table":2,"minecraft:flower_pot":2,"minecraft:turtle_helmet":1,"minecraft:brown_mushroom":1,"minecraft:potion":1,"minecraft:enchanted_book":1,"minecraft:shield":2,"minecraft:string":7,"minecraft:iron_axe":1,"minecraft:cooked_salmon":8,"minecraft:iron_shovel":2,"minecraft:blue_orchid":4,"minecraft:cracked_stone_bricks":2,"minecraft:spruce_planks":8,"minecraft:beef":9,"minecraft:white_tulip":2,"minecraft:calcite":4,"minecraft:iron_pickaxe":2,"minecraft:spruce_slab":82,"minecraft:chest":1,"minecraft:egg":2,"minecraft:stick":1,"minecraft:raw_iron":28,"minecraft:torch":34,"minecraft:spruce_stairs":1,"minecraft:porkchop":4,"minecraft:cherry_log":7,"minecraft:arrow":6,"minecraft:rotten_flesh":3,"simplyswords:iron_scythe":1,"minecraft:gold_ingot":4,"minecraft:mutton":5,"minecraft:white_wool":4,"minecraft:cobblestone":577,"minecraft:birch_log":14,"minecraft:pink_petals":7,"minecraft:magma_block":1,"minecraft:cooked_beef":1,"minecraft:water_bucket":1,"minecraft:leather":7,"minecraft:birch_planks":34,"minecraft:flint":2,"minecraft:oak_log":1,"minecraft:cobblestone_stairs":13,"minecraft:dirt":121,"minecraft:bone":1,"minecraft:apple":1,"minecraft:stone_bricks":1,"minecraft:wheat_seeds":5,"torchesntrinkets:torch_belt":1,"minecraft:iron_ingot":6,"minecraft:mossy_stone_bricks":2,"minecraft:iron_sword":1,"minecraft:oak_planks":5,"minecraft:mossy_stone_brick_stairs":2,"patchouli:guide_book":1,"minecraft:dripstone_block":3,"minecraft:gravel":8,"minecraft:white_bed":1,"minecraft:spider_eye":4,"minecraft:painting":10,"minecraft:golden_apple":2,"minecraft:emerald":10,"minecraft:coal":37,"minecraft:sunflower":1}},"DataVersion":3465}