{"stats":{"minecraft:used":{"minecraft:stone_sword":31,"simplyswords:gold_greataxe":1,"minecraft:birch_planks":1,"minecraft:tropical_fish":4,"minecraft:stone_shovel":159,"minecraft:spruce_slab":16,"minecraft:stone_pickaxe":109,"minecraft:oak_planks":3,"minecraft:spruce_planks":1,"minecraft:wooden_pickaxe":43,"minecraft:cooked_salmon":4,"minecraft:torch":35,"minecraft:dirt":72,"minecraft:spruce_stairs":1,"minecraft:carrot":9,"minecraft:cod":14,"minecraft:black_bed":2,"minecraft:oak_log":2,"minecraft:oak_stairs":2,"minecraft:stone_axe":211,"minecraft:furnace":2,"minecraft:cooked_cod":1,"minecraft:bucket":1},"minecraft:killed":{"minecraft:skeleton":2},"minecraft:crafted":{"minecraft:cooked_cod":1,"minecraft:stone_shovel":1,"minecraft:iron_sword":1,"minecraft:furnace":2,"minecraft:bucket":2,"minecraft:birch_planks":44,"minecraft:stone_axe":2,"minecraft:air":0,"minecraft:shield":2,"minecraft:stick":36,"minecraft:iron_ingot":15,"minecraft:iron_pickaxe":1,"minecraft:stone_pickaxe":2,"minecraft:torch":92,"minecraft:birch_stairs":4},"minecraft:broken":{"minecraft:stone_pickaxe":1,"minecraft:stone_axe":1,"minecraft:stone_shovel":1,"minecraft:wooden_pickaxe":1},"minecraft:dropped":{"minecraft:bread":3,"minecraft:stone_sword":1,"minecraft:shield":1,"minecraft:torch":48,"minecraft:cooked_salmon":2},"minecraft:custom":{"minecraft:interact_with_furnace":17,"minecraft:mob_kills":2,"minecraft:interact_with_crafting_table":13,"minecraft:open_barrel":19,"minecraft:interact_with_grindstone":1,"minecraft:leave_game":4,"minecraft:time_since_death":118271,"minecraft:sleep_in_bed":4,"minecraft:climb_one_cm":2820,"minecraft:time_since_rest":10832,"minecraft:sprint_one_cm":162709,"minecraft:damage_taken":725,"minecraft:walk_one_cm":154365,"minecraft:drop":7,"minecraft:damage_dealt":680,"minecraft:fly_one_cm":173300,"minecraft:open_chest":19,"minecraft:crouch_one_cm":7429,"minecraft:play_time":118271,"minecraft:sneak_time":2419,"minecraft:jump":703,"minecraft:total_world_time":118271,"minecraft:fall_one_cm":19591},"minecraft:mined":{"minecraft:spruce_planks":4,"minecraft:glass_pane":2,"minecraft:oak_fence":11,"minecraft:torch":1,"minecraft:spruce_trapdoor":5,"minecraft:grass_block":65,"minecraft:cobblestone":2,"minecraft:oak_planks":9,"minecraft:wall_torch":1,"minecraft:pink_petals":10,"minecraft:large_fern":4,"minecraft:spruce_stairs":9,"minecraft:birch_planks":1,"minecraft:birch_log":36,"minecraft:iron_ore":6,"minecraft:birch_leaves":6,"minecraft:black_bed":2,"minecraft:stone_brick_stairs":1,"minecraft:grass":22,"minecraft:mossy_stone_brick_stairs":1,"minecraft:coal_ore":29,"minecraft:oak_log":2,"minecraft:vine":2,"minecraft:oak_stairs":3,"minecraft:dirt":4,"minecraft:spruce_fence_gate":1,"minecraft:stone":34,"minecraft:mossy_stone_bricks":3,"minecraft:spruce_slab":22,"minecraft:fern":1},"minecraft:picked_up":{"minecraft:birch_log":36,"minecraft:pink_petals":40,"minecraft:black_bed":2,"minecraft:wooden_pickaxe":1,"minecraft:oak_stairs":3,"minecraft:birch_planks":1,"minecraft:stone_brick_stairs":1,"minecraft:oak_log":2,"minecraft:dirt":72,"minecraft:cooked_salmon":9,"minecraft:bone":2,"minecraft:blue_orchid":2,"minecraft:wheat_seeds":2,"minecraft:spruce_planks":4,"minecraft:stone_pickaxe":1,"minecraft:mossy_stone_bricks":3,"minecraft:spruce_slab":21,"hangglider:hang_glider":1,"minecraft:mossy_stone_brick_stairs":1,"minecraft:birch_sapling":3,"minecraft:oak_planks":10,"minecraft:spruce_trapdoor":5,"minecraft:raw_iron":6,"minecraft:oak_fence":11,"minecraft:torch":33,"minecraft:spruce_stairs":9,"minecraft:stone_sword":2,"minecraft:spruce_fence_gate":1,"minecraft:arrow":1,"minecraft:peony":1,"minecraft:coal":29,"minecraft:cobblestone":35}},"DataVersion":3465}