{"stats":{"minecraft:used":{"minecraft:stone_sword":13,"minecraft:carrot":5,"minecraft:cod":14,"minecraft:black_bed":1},"minecraft:mined":{"minecraft:large_fern":2,"minecraft:grass":3,"minecraft:birch_log":6,"minecraft:black_bed":1},"minecraft:dropped":{"minecraft:bread":3},"minecraft:crafted":{"minecraft:birch_planks":24},"minecraft:picked_up":{"minecraft:cooked_salmon":8,"minecraft:stone_sword":1,"minecraft:black_bed":1,"minecraft:wheat_seeds":1,"minecraft:wooden_pickaxe":1,"minecraft:stone_pickaxe":1,"minecraft:birch_log":6},"minecraft:custom":{"minecraft:open_chest":8,"minecraft:time_since_rest":69926,"minecraft:crouch_one_cm":232,"minecraft:play_time":80527,"minecraft:interact_with_furnace":1,"minecraft:sprint_one_cm":48599,"minecraft:damage_taken":290,"minecraft:walk_one_cm":48566,"minecraft:sneak_time":87,"minecraft:drop":1,"minecraft:jump":304,"minecraft:interact_with_grindstone":1,"minecraft:damage_dealt":50,"minecraft:leave_game":2,"minecraft:time_since_death":80527,"minecraft:sleep_in_bed":1,"minecraft:climb_one_cm":1989,"minecraft:total_world_time":80527,"minecraft:interact_with_crafting_table":1,"minecraft:fall_one_cm":8601,"minecraft:fly_one_cm":79077,"minecraft:open_barrel":19}},"DataVersion":3465}