{"stats":{"minecraft:used":{"minecraft:stone_sword":43,"minecraft:tropical_fish":4,"minecraft:stone_shovel":938,"minecraft:spruce_slab":16,"minecraft:spruce_planks":1,"minecraft:chest":3,"minecraft:shield":1,"minecraft:cooked_salmon":4,"minecraft:stone_hoe":321,"minecraft:torch":47,"minecraft:dirt":199,"minecraft:spruce_stairs":1,"minecraft:carrot":39,"minecraft:oak_stairs":2,"minecraft:item_frame":3,"minecraft:furnace":2,"minecraft:cooked_cod":1,"minecraft:egg":4,"minecraft:potato":58,"minecraft:wheat_seeds":49,"minecraft:water_bucket":31,"simplyswords:gold_greataxe":1,"minecraft:birch_planks":1,"minecraft:stone_pickaxe":115,"minecraft:oak_planks":3,"minecraft:wooden_pickaxe":43,"minecraft:cod":14,"minecraft:black_bed":2,"minecraft:oak_log":2,"minecraft:apple":10,"minecraft:bread":1,"minecraft:stone_axe":245,"minecraft:bucket":31},"minecraft:killed":{"minecraft:skeleton":2,"minecraft:zombie":3},"minecraft:crafted":{"minecraft:oak_planks":48,"minecraft:stone_shovel":7,"minecraft:furnace":2,"minecraft:stone_pickaxe":2,"minecraft:stone_hoe":3,"minecraft:oak_fence":21,"minecraft:cooked_cod":1,"minecraft:baked_potato":38,"minecraft:iron_sword":1,"minecraft:bucket":2,"minecraft:birch_planks":52,"minecraft:stone_axe":2,"minecraft:air":0,"minecraft:bread":10,"minecraft:shield":2,"minecraft:stick":88,"minecraft:iron_ingot":21,"minecraft:iron_pickaxe":1,"minecraft:torch":92,"minecraft:birch_stairs":4},"minecraft:broken":{"minecraft:stone_hoe":2,"minecraft:wooden_pickaxe":1,"minecraft:stone_pickaxe":1,"minecraft:stone_axe":1,"minecraft:stone_shovel":6},"minecraft:dropped":{"minecraft:bread":3,"minecraft:poisonous_potato":2,"minecraft:dirt":76,"minecraft:torch":48,"minecraft:cooked_salmon":2,"minecraft:pink_petals":76,"minecraft:bucket":1,"minecraft:white_tulip":1,"minecraft:stone_sword":1,"immersive_melodies:flute":1,"minecraft:potato":8,"minecraft:shield":1,"minecraft:gunpowder":1,"minecraft:peony":2,"minecraft:spruce_trapdoor":5,"minecraft:blue_orchid":7},"minecraft:custom":{"minecraft:interact_with_smithing_table":1,"minecraft:mob_kills":5,"minecraft:interact_with_crafting_table":21,"minecraft:open_barrel":19,"minecraft:leave_game":5,"minecraft:time_since_death":160748,"minecraft:climb_one_cm":2820,"minecraft:sprint_one_cm":256310,"minecraft:walk_one_cm":406429,"minecraft:damage_blocked_by_shield":25,"minecraft:drop":23,"minecraft:play_time":160748,"minecraft:sneak_time":3112,"minecraft:jump":795,"minecraft:interact_with_blast_furnace":3,"minecraft:walk_on_water_one_cm":1266,"minecraft:total_world_time":160748,"minecraft:interact_with_furnace":26,"minecraft:interact_with_grindstone":1,"minecraft:sleep_in_bed":7,"minecraft:time_since_rest":5807,"minecraft:damage_taken":919,"minecraft:damage_dealt":991,"minecraft:fly_one_cm":184857,"minecraft:open_chest":46,"minecraft:crouch_one_cm":9278,"minecraft:interact_with_smoker":2,"minecraft:fall_one_cm":21348},"minecraft:mined":{"minecraft:spruce_planks":4,"minecraft:farmland":23,"minecraft:cherry_log":12,"minecraft:spruce_trapdoor":5,"minecraft:grass_block":284,"minecraft:large_fern":17,"minecraft:carrots":10,"minecraft:iron_ore":6,"minecraft:peony":1,"minecraft:mossy_stone_brick_stairs":1,"minecraft:potatoes":46,"minecraft:dirt_path":2,"minecraft:vine":2,"minecraft:oak_stairs":3,"minecraft:stone":37,"minecraft:blue_orchid":7,"minecraft:spruce_slab":22,"minecraft:glass_pane":2,"minecraft:oak_fence":11,"minecraft:torch":7,"minecraft:chest":3,"minecraft:cobblestone":2,"minecraft:oak_planks":9,"minecraft:wall_torch":1,"minecraft:pink_petals":32,"minecraft:spruce_stairs":9,"minecraft:birch_planks":1,"minecraft:birch_log":36,"minecraft:wheat":46,"minecraft:birch_leaves":6,"minecraft:black_bed":2,"minecraft:stone_brick_stairs":1,"minecraft:grass":70,"minecraft:oak_log":2,"minecraft:coal_ore":29,"minecraft:cherry_leaves":2,"minecraft:dirt":13,"minecraft:spruce_fence_gate":1,"minecraft:mossy_stone_bricks":3,"minecraft:fern":14},"minecraft:picked_up":{"minecraft:wheat":66,"minecraft:wooden_pickaxe":1,"minecraft:oak_stairs":3,"minecraft:stone_brick_stairs":1,"minecraft:cooked_salmon":9,"minecraft:iron_leggings":1,"minecraft:item_frame":3,"minecraft:iron_shovel":3,"minecraft:blue_orchid":9,"minecraft:bucket":1,"minecraft:spruce_planks":4,"minecraft:white_tulip":1,"minecraft:player_head":1,"minecraft:iron_pickaxe":1,"minecraft:spruce_slab":21,"hangglider:hang_glider":1,"minecraft:chest":3,"minecraft:birch_sapling":3,"minecraft:spruce_trapdoor":5,"minecraft:raw_iron":6,"minecraft:stick":3,"minecraft:oak_fence":11,"minecraft:torch":39,"minecraft:spruce_stairs":9,"minecraft:cherry_log":12,"minecraft:carrot":31,"minecraft:stone_sword":2,"minecraft:arrow":1,"minecraft:rotten_flesh":4,"minecraft:peony":3,"immersive_melodies:flute":2,"minecraft:cobblestone":63,"minecraft:birch_log":36,"minecraft:pink_petals":113,"minecraft:water_bucket":1,"minecraft:black_bed":2,"minecraft:potato":208,"minecraft:birch_planks":1,"minecraft:oak_log":2,"minecraft:gunpowder":2,"minecraft:wooden_hoe":1,"minecraft:dirt":347,"minecraft:bone":4,"minecraft:wheat_seeds":145,"minecraft:stone_pickaxe":1,"minecraft:mossy_stone_bricks":3,"minecraft:oak_planks":10,"minecraft:mossy_stone_brick_stairs":1,"minecraft:poisonous_potato":2,"minecraft:spruce_fence_gate":1,"minecraft:cherry_sapling":3,"minecraft:coal":29}},"DataVersion":3465}