{"stats":{"minecraft:used":{"minecraft:stone_sword":31,"simplyswords:gold_greataxe":1,"minecraft:stone_pickaxe":29,"minecraft:wooden_pickaxe":43,"minecraft:torch":8,"minecraft:carrot":9,"minecraft:cod":14,"minecraft:black_bed":1},"minecraft:killed":{"minecraft:skeleton":2},"minecraft:crafted":{"minecraft:stick":36,"minecraft:stone_pickaxe":2,"minecraft:torch":32,"minecraft:birch_planks":44},"minecraft:broken":{"minecraft:wooden_pickaxe":1,"minecraft:stone_pickaxe":1},"minecraft:dropped":{"minecraft:bread":3},"minecraft:custom":{"minecraft:time_since_rest":8699,"minecraft:interact_with_furnace":2,"minecraft:sprint_one_cm":75958,"minecraft:damage_taken":545,"minecraft:walk_one_cm":79724,"minecraft:mob_kills":2,"minecraft:drop":1,"minecraft:damage_dealt":680,"minecraft:interact_with_crafting_table":4,"minecraft:fly_one_cm":91459,"minecraft:open_barrel":19,"minecraft:open_chest":14,"minecraft:crouch_one_cm":232,"minecraft:play_time":94271,"minecraft:sneak_time":103,"minecraft:jump":398,"minecraft:interact_with_grindstone":1,"minecraft:leave_game":4,"minecraft:time_since_death":94271,"minecraft:sleep_in_bed":2,"minecraft:total_world_time":94271,"minecraft:climb_one_cm":2403,"minecraft:fall_one_cm":10138},"minecraft:mined":{"minecraft:large_fern":3,"minecraft:birch_log":11,"minecraft:black_bed":1,"minecraft:grass":3,"minecraft:coal_ore":23,"minecraft:stone":14,"minecraft:fern":1},"minecraft:picked_up":{"minecraft:birch_log":11,"minecraft:black_bed":1,"minecraft:torch":1,"minecraft:wooden_pickaxe":1,"minecraft:cooked_salmon":9,"minecraft:stone_sword":1,"minecraft:bone":2,"minecraft:arrow":1,"minecraft:wheat_seeds":1,"minecraft:stone_pickaxe":1,"minecraft:coal":23,"minecraft:cobblestone":14}},"DataVersion":3465}