{"stats":{"minecraft:used":{"minecraft:stone_sword":13,"minecraft:cod":14,"minecraft:black_bed":1},"minecraft:mined":{"minecraft:large_fern":2,"minecraft:grass":3,"minecraft:birch_log":6,"minecraft:black_bed":1},"minecraft:dropped":{"minecraft:bread":3},"minecraft:crafted":{"minecraft:birch_planks":24},"minecraft:picked_up":{"minecraft:stone_sword":1,"minecraft:black_bed":1,"minecraft:wheat_seeds":1,"minecraft:wooden_pickaxe":1,"minecraft:stone_pickaxe":1,"minecraft:birch_log":6},"minecraft:custom":{"minecraft:open_barrel":17,"minecraft:open_chest":6,"minecraft:crouch_one_cm":46,"minecraft:play_time":14598,"minecraft:interact_with_furnace":1,"minecraft:sprint_one_cm":48223,"minecraft:damage_taken":240,"minecraft:walk_one_cm":38597,"minecraft:sneak_time":22,"minecraft:drop":1,"minecraft:jump":296,"minecraft:interact_with_grindstone":1,"minecraft:damage_dealt":50,"minecraft:leave_game":1,"minecraft:time_since_death":14598,"minecraft:sleep_in_bed":1,"minecraft:climb_one_cm":1989,"minecraft:total_world_time":14598,"minecraft:interact_with_crafting_table":1,"minecraft:fall_one_cm":8601,"minecraft:fly_one_cm":79077,"minecraft:time_since_rest":3997}},"DataVersion":3465}