{"stats":{"minecraft:used":{"minecraft:stone_sword":31,"simplyswords:gold_greataxe":1,"minecraft:tropical_fish":4,"minecraft:stone_pickaxe":75,"minecraft:wooden_pickaxe":43,"minecraft:cooked_salmon":1,"minecraft:torch":35,"minecraft:spruce_stairs":1,"minecraft:carrot":9,"minecraft:cod":14,"minecraft:black_bed":2,"minecraft:oak_stairs":2,"minecraft:stone_axe":205,"minecraft:furnace":2,"minecraft:cooked_cod":1},"minecraft:killed":{"minecraft:skeleton":2},"minecraft:crafted":{"minecraft:cooked_cod":1,"minecraft:stone_shovel":1,"minecraft:iron_sword":1,"minecraft:furnace":2,"minecraft:birch_planks":44,"minecraft:stone_axe":2,"minecraft:air":0,"minecraft:shield":2,"minecraft:stick":36,"minecraft:iron_ingot":15,"minecraft:iron_pickaxe":1,"minecraft:stone_pickaxe":2,"minecraft:torch":92,"minecraft:birch_stairs":4},"minecraft:broken":{"minecraft:stone_pickaxe":1,"minecraft:stone_axe":1,"minecraft:wooden_pickaxe":1},"minecraft:dropped":{"minecraft:bread":3,"minecraft:stone_sword":1,"minecraft:shield":1,"minecraft:torch":48,"minecraft:cooked_salmon":2},"minecraft:custom":{"minecraft:interact_with_furnace":15,"minecraft:mob_kills":2,"minecraft:interact_with_crafting_table":12,"minecraft:open_barrel":19,"minecraft:interact_with_grindstone":1,"minecraft:leave_game":4,"minecraft:time_since_death":106271,"minecraft:sleep_in_bed":3,"minecraft:climb_one_cm":2591,"minecraft:time_since_rest":749,"minecraft:sprint_one_cm":99036,"minecraft:damage_taken":665,"minecraft:walk_one_cm":119626,"minecraft:drop":7,"minecraft:damage_dealt":680,"minecraft:fly_one_cm":96946,"minecraft:open_chest":17,"minecraft:crouch_one_cm":1779,"minecraft:play_time":106271,"minecraft:sneak_time":605,"minecraft:jump":449,"minecraft:total_world_time":106271,"minecraft:fall_one_cm":11907},"minecraft:mined":{"minecraft:spruce_planks":3,"minecraft:glass_pane":2,"minecraft:oak_fence":11,"minecraft:spruce_trapdoor":5,"minecraft:oak_planks":9,"minecraft:wall_torch":1,"minecraft:large_fern":4,"minecraft:spruce_stairs":9,"minecraft:birch_log":36,"minecraft:birch_leaves":6,"minecraft:black_bed":2,"minecraft:grass":5,"minecraft:coal_ore":29,"minecraft:oak_log":2,"minecraft:vine":2,"minecraft:oak_stairs":3,"minecraft:spruce_fence_gate":1,"minecraft:stone":30,"minecraft:spruce_slab":21,"minecraft:fern":1},"minecraft:picked_up":{"minecraft:birch_log":36,"minecraft:black_bed":2,"minecraft:wooden_pickaxe":1,"minecraft:oak_stairs":3,"minecraft:oak_log":2,"minecraft:dirt":1,"minecraft:cooked_salmon":9,"minecraft:bone":2,"minecraft:wheat_seeds":1,"minecraft:spruce_planks":3,"minecraft:stone_pickaxe":1,"minecraft:spruce_slab":19,"minecraft:birch_sapling":1,"minecraft:oak_planks":10,"minecraft:spruce_trapdoor":5,"minecraft:oak_fence":11,"minecraft:torch":33,"minecraft:spruce_stairs":9,"minecraft:stone_sword":2,"minecraft:spruce_fence_gate":1,"minecraft:arrow":1,"minecraft:coal":29,"minecraft:cobblestone":29}},"DataVersion":3465}