{"stats":{"minecraft:used":{"minecraft:water_bucket":31,"minecraft:stone_sword":43,"simplyswords:gold_greataxe":1,"minecraft:birch_planks":1,"minecraft:tropical_fish":4,"minecraft:stone_shovel":856,"minecraft:spruce_slab":16,"minecraft:stone_pickaxe":115,"minecraft:oak_planks":3,"minecraft:shield":1,"minecraft:spruce_planks":1,"minecraft:wooden_pickaxe":43,"minecraft:cooked_salmon":4,"minecraft:stone_hoe":311,"minecraft:torch":47,"minecraft:dirt":178,"minecraft:spruce_stairs":1,"minecraft:carrot":9,"minecraft:cod":14,"minecraft:black_bed":2,"minecraft:oak_log":2,"minecraft:apple":3,"minecraft:bread":1,"minecraft:oak_stairs":2,"minecraft:stone_axe":239,"minecraft:furnace":2,"minecraft:cooked_cod":1,"minecraft:bucket":31},"minecraft:killed":{"minecraft:skeleton":2,"minecraft:zombie":3},"minecraft:crafted":{"minecraft:cooked_cod":1,"minecraft:stone_shovel":6,"minecraft:iron_sword":1,"minecraft:furnace":2,"minecraft:bucket":2,"minecraft:birch_planks":52,"minecraft:stone_axe":2,"minecraft:air":0,"minecraft:shield":2,"minecraft:stick":52,"minecraft:iron_ingot":15,"minecraft:iron_pickaxe":1,"minecraft:stone_pickaxe":2,"minecraft:stone_hoe":3,"minecraft:torch":92,"minecraft:birch_stairs":4},"minecraft:broken":{"minecraft:stone_pickaxe":1,"minecraft:stone_axe":1,"minecraft:stone_shovel":6,"minecraft:stone_hoe":2,"minecraft:wooden_pickaxe":1},"minecraft:dropped":{"minecraft:bread":3,"minecraft:stone_sword":1,"minecraft:potato":8,"minecraft:shield":1,"minecraft:torch":48,"minecraft:peony":1,"minecraft:cooked_salmon":2,"minecraft:blue_orchid":7,"minecraft:bucket":1},"minecraft:custom":{"minecraft:interact_with_smithing_table":1,"minecraft:interact_with_furnace":19,"minecraft:mob_kills":5,"minecraft:interact_with_crafting_table":18,"minecraft:open_barrel":19,"minecraft:interact_with_grindstone":1,"minecraft:leave_game":5,"minecraft:time_since_death":145754,"minecraft:sleep_in_bed":6,"minecraft:climb_one_cm":2820,"minecraft:time_since_rest":139,"minecraft:sprint_one_cm":218227,"minecraft:damage_taken":909,"minecraft:walk_one_cm":327766,"minecraft:damage_blocked_by_shield":25,"minecraft:drop":11,"minecraft:damage_dealt":991,"minecraft:fly_one_cm":179332,"minecraft:open_chest":28,"minecraft:crouch_one_cm":8359,"minecraft:play_time":145754,"minecraft:sneak_time":2683,"minecraft:jump":761,"minecraft:interact_with_blast_furnace":2,"minecraft:walk_on_water_one_cm":937,"minecraft:interact_with_smoker":2,"minecraft:total_world_time":145754,"minecraft:fall_one_cm":19997},"minecraft:mined":{"minecraft:spruce_planks":4,"minecraft:farmland":23,"minecraft:glass_pane":2,"minecraft:cherry_log":12,"minecraft:oak_fence":11,"minecraft:torch":7,"minecraft:spruce_trapdoor":5,"minecraft:grass_block":268,"minecraft:cobblestone":2,"minecraft:oak_planks":9,"minecraft:wall_torch":1,"minecraft:pink_petals":32,"minecraft:large_fern":17,"minecraft:spruce_stairs":9,"minecraft:birch_planks":1,"minecraft:birch_log":36,"minecraft:iron_ore":6,"minecraft:birch_leaves":6,"minecraft:black_bed":2,"minecraft:peony":1,"minecraft:stone_brick_stairs":1,"minecraft:grass":68,"minecraft:mossy_stone_brick_stairs":1,"minecraft:coal_ore":29,"minecraft:oak_log":2,"minecraft:dirt_path":2,"minecraft:vine":2,"minecraft:oak_stairs":3,"minecraft:cherry_leaves":2,"minecraft:dirt":13,"minecraft:blue_orchid":7,"minecraft:spruce_fence_gate":1,"minecraft:stone":37,"minecraft:mossy_stone_bricks":3,"minecraft:spruce_slab":22,"minecraft:fern":13},"minecraft:picked_up":{"minecraft:birch_log":36,"minecraft:pink_petals":107,"minecraft:water_bucket":1,"minecraft:black_bed":2,"minecraft:wooden_pickaxe":1,"minecraft:oak_stairs":3,"minecraft:birch_planks":1,"minecraft:stone_brick_stairs":1,"minecraft:oak_log":2,"minecraft:gunpowder":1,"minecraft:dirt":305,"minecraft:cooked_salmon":9,"minecraft:iron_leggings":1,"minecraft:bone":4,"minecraft:blue_orchid":9,"minecraft:wheat_seeds":14,"minecraft:bucket":1,"minecraft:spruce_planks":4,"minecraft:stone_pickaxe":1,"minecraft:iron_pickaxe":1,"minecraft:mossy_stone_bricks":3,"minecraft:spruce_slab":21,"hangglider:hang_glider":1,"minecraft:mossy_stone_brick_stairs":1,"minecraft:birch_sapling":3,"minecraft:oak_planks":10,"minecraft:spruce_trapdoor":5,"minecraft:stick":3,"minecraft:raw_iron":6,"minecraft:oak_fence":11,"minecraft:torch":39,"minecraft:spruce_stairs":9,"minecraft:cherry_log":12,"minecraft:stone_sword":2,"minecraft:spruce_fence_gate":1,"minecraft:rotten_flesh":2,"minecraft:arrow":1,"minecraft:peony":3,"minecraft:cherry_sapling":3,"minecraft:coal":29,"minecraft:cobblestone":55}},"DataVersion":3465}